,time,value
0,00:27:20,99
1,00:27:25,70
2,00:27:30,85
3,00:27:35,114
4,00:27:40,113
5,00:27:55,111
6,00:28:00,104
7,00:28:05,105
8,00:28:15,100
9,00:28:20,92
10,00:28:25,86
11,00:28:30,84
12,00:28:35,83
13,00:28:50,83
14,00:29:05,84
15,00:29:15,85
16,00:29:25,86
17,00:29:30,85
18,00:29:35,85
19,00:29:40,84
20,00:29:45,83
21,00:30:00,83
22,00:30:05,82
23,00:30:15,86
24,00:30:20,84
25,00:30:25,86
26,00:30:30,86
27,00:30:40,87
28,00:30:45,86
29,00:31:00,85
30,00:31:15,83
31,00:31:30,83
32,00:31:35,82
33,00:31:50,81
34,00:32:00,82
35,00:32:05,83
36,00:32:10,80
37,00:32:15,81
38,00:32:20,80
39,00:32:25,80
40,00:32:30,78
41,00:32:35,76
42,00:32:45,74
43,00:32:50,73
44,00:33:00,72
45,00:33:05,71
46,00:33:10,70
47,00:33:25,70
48,00:33:30,64
49,00:33:40,66
50,00:33:45,65
51,00:34:00,64
52,00:34:10,61
53,00:34:15,61
54,00:34:30,61
55,00:34:45,61
56,00:34:50,62
57,00:35:00,64
58,00:35:10,63
59,00:35:25,63
60,00:35:30,60
61,00:35:40,59
62,00:35:55,59
63,00:36:00,60
64,00:36:15,60
65,00:36:20,61
66,00:36:30,61
67,00:36:40,59
68,00:36:55,59
69,00:37:00,60
70,00:37:10,61
71,00:37:20,60
72,00:37:30,59
73,00:37:40,62
74,00:37:45,63
75,00:37:50,64
76,00:38:00,64
77,00:38:10,64
78,00:38:25,64
79,00:38:40,65
80,00:38:50,62
81,00:39:05,62
82,00:39:15,63
83,00:39:20,60
84,00:39:35,60
85,00:39:50,60
86,00:40:00,59
87,00:40:10,58
88,00:40:25,58
89,00:40:30,59
90,00:40:40,61
91,00:40:55,61
92,00:41:00,64
93,00:41:10,62
94,00:41:20,60
95,00:41:30,59
96,00:41:45,59
97,00:41:50,60
98,00:42:00,59
99,00:42:10,60
100,00:42:25,60
101,00:42:40,61
102,00:42:50,60
103,00:43:00,58
104,00:43:10,59
105,00:43:20,60
106,00:43:30,61
107,00:43:40,60
108,00:43:50,60
109,00:44:00,60
110,00:44:05,60
111,00:44:20,60
112,00:44:30,58
113,00:44:45,58
114,00:44:50,58
115,00:45:00,57
116,00:45:10,58
117,00:45:25,59
118,00:45:40,61
119,00:45:55,61
120,00:46:00,61
121,00:46:10,59
122,00:46:20,58
123,00:46:35,58
124,00:46:40,60
125,00:46:50,61
126,00:47:00,63
127,00:47:10,61
128,00:47:20,62
129,00:47:30,60
130,00:47:40,58
131,00:47:55,58
132,00:48:00,59
133,00:48:05,59
134,00:48:20,61
135,00:48:25,62
136,00:48:30,63
137,00:48:40,59
138,00:48:50,58
139,00:49:05,58
140,00:49:20,57
141,00:49:30,57
142,00:49:40,58
143,00:49:45,58
144,00:50:00,58
145,00:50:05,59
146,00:50:20,58
147,00:50:30,64
148,00:50:40,60
149,00:50:50,59
150,00:51:00,57
151,00:51:15,57
152,00:51:20,58
153,00:51:30,56
154,00:51:40,58
155,00:51:50,61
156,00:52:00,59
157,00:52:15,59
158,00:52:30,59
159,00:52:40,58
160,00:52:45,59
161,00:52:50,60
162,00:53:00,60
163,00:53:10,57
164,00:53:20,58
165,00:53:25,58
166,00:53:40,58
167,00:53:55,58
168,00:54:00,59
169,00:54:15,59
170,00:54:20,60
171,00:54:30,59
172,00:54:40,58
173,00:54:50,59
174,00:55:00,61
175,00:55:10,63
176,00:55:20,61
177,00:55:30,60
178,00:55:40,58
179,00:55:50,59
180,00:55:55,59
181,00:56:10,56
182,00:56:15,57
183,00:56:20,57
184,00:56:35,57
185,00:56:45,58
186,00:56:50,59
187,00:56:55,60
188,00:57:10,60
189,00:57:15,56
190,00:57:20,55
191,00:57:30,55
192,00:57:45,56
193,00:58:00,56
194,00:58:05,56
195,00:58:20,56
196,00:58:35,56
197,00:58:50,56
198,00:58:55,55
199,00:59:10,55
200,00:59:20,54
201,00:59:30,61
202,00:59:35,58
203,00:59:50,58
204,00:59:55,58
205,01:00:10,58
206,01:00:25,58
207,01:00:30,57
208,01:00:40,58
209,01:00:50,56
210,01:01:00,56
211,01:01:10,55
212,01:01:20,55
213,01:01:30,56
214,01:01:40,55
215,01:01:50,56
216,01:02:05,56
217,01:02:20,57
218,01:02:30,56
219,01:02:35,56
220,01:02:50,56
221,01:03:00,55
222,01:03:05,56
223,01:03:10,58
224,01:03:15,58
225,01:03:20,58
226,01:03:35,58
227,01:03:40,57
228,01:03:55,57
229,01:04:00,58
230,01:04:10,58
231,01:04:25,58
232,01:04:30,61
233,01:04:35,61
234,01:04:40,61
235,01:04:50,59
236,01:04:55,59
237,01:05:00,58
238,01:05:10,57
239,01:05:20,56
240,01:05:25,55
241,01:05:30,56
242,01:05:40,56
243,01:05:55,56
244,01:06:00,57
245,01:06:10,56
246,01:06:20,57
247,01:06:35,57
248,01:06:40,57
249,01:06:50,58
250,01:07:00,58
251,01:07:05,58
252,01:07:20,57
253,01:07:25,58
254,01:07:30,57
255,01:07:40,60
256,01:07:55,59
257,01:08:00,60
258,01:08:05,61
259,01:08:20,61
260,01:08:25,60
261,01:08:30,60
262,01:08:40,57
263,01:08:50,56
264,01:08:55,55
265,01:09:00,56
266,01:09:10,67
267,01:09:15,67
268,01:09:30,67
269,01:09:40,66
270,01:09:45,65
271,01:09:50,66
272,01:10:00,64
273,01:10:05,64
274,01:10:20,63
275,01:10:30,64
276,01:10:40,62
277,01:10:55,62
278,01:11:10,62
279,01:11:20,55
280,01:11:25,55
281,01:11:40,55
282,01:11:50,55
283,01:12:00,55
284,01:12:05,56
285,01:12:20,56
286,01:12:30,55
287,01:12:40,55
288,01:12:50,59
289,01:13:00,56
290,01:13:05,55
291,01:13:20,58
292,01:13:30,56
293,01:13:40,55
294,01:13:50,57
295,01:14:00,58
296,01:14:10,60
297,01:14:25,60
298,01:14:30,56
299,01:14:40,59
300,01:14:50,61
301,01:15:00,56
302,01:15:10,55
303,01:15:20,57
304,01:15:35,57
305,01:15:50,55
306,01:16:00,55
307,01:16:10,59
308,01:16:20,64
309,01:16:30,58
310,01:16:40,56
311,01:16:50,58
312,01:17:00,56
313,01:17:10,54
314,01:17:20,54
315,01:17:30,58
316,01:17:45,58
317,01:18:00,58
318,01:18:10,54
319,01:18:20,53
320,01:18:30,55
321,01:18:40,64
322,01:18:50,57
323,01:19:00,54
324,01:19:05,55
325,01:19:20,55
326,01:19:35,55
327,01:19:40,56
328,01:19:45,58
329,01:20:00,59
330,01:20:10,56
331,01:20:20,54
332,01:20:30,55
333,01:20:40,56
334,01:20:55,56
335,01:21:00,56
336,01:21:15,56
337,01:21:20,59
338,01:21:30,61
339,01:21:40,61
340,01:21:50,56
341,01:22:00,54
342,01:22:10,55
343,01:22:20,58
344,01:22:30,55
345,01:22:40,59
346,01:22:55,59
347,01:23:10,59
348,01:23:25,59
349,01:23:30,58
350,01:23:40,59
351,01:23:55,59
352,01:24:00,60
353,01:24:15,60
354,01:24:30,58
355,01:24:40,60
356,01:24:50,61
357,01:25:00,62
358,01:25:15,62
359,01:25:20,61
360,01:25:30,62
361,01:25:40,61
362,01:25:55,61
363,01:26:00,62
364,01:26:10,63
365,01:26:20,61
366,01:26:30,61
367,01:26:35,61
368,01:26:50,60
369,01:27:05,60
370,01:27:10,61
371,01:27:15,62
372,01:27:30,62
373,01:27:40,65
374,01:27:45,65
375,01:27:50,64
376,01:28:00,62
377,01:28:15,62
378,01:28:30,62
379,01:28:45,62
380,01:28:50,61
381,01:29:00,59
382,01:29:15,59
383,01:29:30,59
384,01:29:45,59
385,01:29:50,60
386,01:29:55,61
387,01:30:00,62
388,01:30:05,63
389,01:30:20,63
390,01:30:35,63
391,01:30:45,63
392,01:30:50,61
393,01:30:55,59
394,01:31:00,59
395,01:31:10,61
396,01:31:15,61
397,01:31:30,61
398,01:31:45,61
399,01:32:00,61
400,01:32:05,59
401,01:32:20,59
402,01:32:25,60
403,01:32:40,60
404,01:32:55,60
405,01:33:00,56
406,01:33:10,65
407,01:33:20,63
408,01:33:30,56
409,01:33:40,55
410,01:33:55,55
411,01:34:00,62
412,01:34:10,63
413,01:34:20,61
414,01:34:30,63
415,01:34:40,59
416,01:34:50,56
417,01:35:00,62
418,01:35:10,59
419,01:35:20,62
420,01:35:30,61
421,01:35:40,59
422,01:35:50,57
423,01:36:00,59
424,01:36:10,56
425,01:36:20,57
426,01:36:30,59
427,01:36:40,57
428,01:36:50,61
429,01:37:00,58
430,01:37:15,58
431,01:37:20,59
432,01:37:30,57
433,01:37:40,55
434,01:37:50,58
435,01:38:00,57
436,01:38:10,59
437,01:38:20,63
438,01:38:30,62
439,01:38:40,58
440,01:38:50,60
441,01:39:00,56
442,01:39:10,55
443,01:39:25,55
444,01:39:30,63
445,01:39:40,61
446,01:39:50,59
447,01:40:00,56
448,01:40:10,55
449,01:40:20,61
450,01:40:30,64
451,01:40:40,59
452,01:40:50,57
453,01:41:05,57
454,01:41:10,62
455,01:41:20,65
456,01:41:30,64
457,01:41:40,63
458,01:41:50,67
459,01:42:00,65
460,01:42:10,62
461,01:42:20,63
462,01:42:30,58
463,01:42:45,58
464,01:42:50,55
465,01:43:00,57
466,01:43:10,56
467,01:43:20,56
468,01:43:30,54
469,01:43:45,54
470,01:44:00,54
471,01:44:10,54
472,01:44:25,54
473,01:44:30,56
474,01:44:40,54
475,01:44:50,53
476,01:45:00,54
477,01:45:10,56
478,01:45:20,55
479,01:45:30,54
480,01:45:40,55
481,01:45:50,54
482,01:46:00,52
483,01:46:10,53
484,01:46:20,54
485,01:46:30,55
486,01:46:40,53
487,01:46:50,52
488,01:47:00,51
489,01:47:10,52
490,01:47:20,53
491,01:47:35,53
492,01:47:40,54
493,01:47:50,53
494,01:48:05,53
495,01:48:10,55
496,01:48:20,54
497,01:48:30,53
498,01:48:45,53
499,01:48:50,52
500,01:49:00,55
501,01:49:15,55
502,01:49:20,54
503,01:49:30,53
504,01:49:40,52
505,01:49:55,52
506,01:50:00,53
507,01:50:15,53
508,01:50:30,54
509,01:50:40,53
510,01:50:50,55
511,01:51:00,54
512,01:51:10,53
513,01:51:25,53
514,01:51:40,54
515,01:51:50,55
516,01:52:00,54
517,01:52:15,54
518,01:52:20,53
519,01:52:30,54
520,01:52:40,53
521,01:52:50,52
522,01:53:00,53
523,01:53:15,53
524,01:53:20,52
525,01:53:35,52
526,01:53:50,51
527,01:54:00,52
528,01:54:15,52
529,01:54:20,53
530,01:54:35,53
531,01:54:50,52
532,01:55:00,53
533,01:55:15,53
534,01:55:30,53
535,01:55:40,54
536,01:55:50,53
537,01:56:00,54
538,01:56:15,54
539,01:56:20,52
540,01:56:30,51
541,01:56:40,52
542,01:56:50,54
543,01:57:00,55
544,01:57:10,53
545,01:57:25,53
546,01:57:40,52
547,01:57:45,53
548,01:57:50,54
549,01:58:00,55
550,01:58:10,54
551,01:58:20,51
552,01:58:30,52
553,01:58:40,55
554,01:58:50,56
555,01:59:00,54
556,01:59:15,54
557,01:59:30,54
558,01:59:45,54
559,01:59:50,53
560,02:00:00,52
561,02:00:10,53
562,02:00:20,55
563,02:00:35,55
564,02:00:40,54
565,02:00:50,53
566,02:01:00,52
567,02:01:15,52
568,02:01:20,53
569,02:01:30,54
570,02:01:40,53
571,02:01:55,53
572,02:02:10,53
573,02:02:20,52
574,02:02:35,52
575,02:02:40,51
576,02:02:50,53
577,02:03:00,55
578,02:03:15,55
579,02:03:20,53
580,02:03:35,53
581,02:03:40,53
582,02:03:55,53
583,02:04:10,53
584,02:04:20,54
585,02:04:30,53
586,02:04:45,53
587,02:04:50,51
588,02:05:00,53
589,02:05:15,53
590,02:05:20,54
591,02:05:35,54
592,02:05:40,53
593,02:05:50,54
594,02:06:00,53
595,02:06:15,53
596,02:06:20,54
597,02:06:30,53
598,02:06:40,54
599,02:06:55,54
600,02:07:00,55
601,02:07:15,55
602,02:07:30,54
603,02:07:40,53
604,02:07:55,53
605,02:08:10,53
606,02:08:25,53
607,02:08:40,54
608,02:08:50,53
609,02:09:00,52
610,02:09:15,52
611,02:09:20,53
612,02:09:30,54
613,02:09:40,53
614,02:09:50,52
615,02:10:05,52
616,02:10:10,53
617,02:10:20,54
618,02:10:35,54
619,02:10:40,53
620,02:10:50,54
621,02:11:05,54
622,02:11:10,53
623,02:11:20,55
624,02:11:30,54
625,02:11:40,53
626,02:11:50,54
627,02:12:00,53
628,02:12:15,53
629,02:12:20,54
630,02:12:35,54
631,02:12:40,53
632,02:12:55,53
633,02:13:00,51
634,02:13:10,53
635,02:13:20,53
636,02:13:35,53
637,02:13:40,54
638,02:13:50,53
639,02:14:05,53
640,02:14:10,54
641,02:14:25,54
642,02:14:30,53
643,02:14:45,53
644,02:15:00,54
645,02:15:10,53
646,02:15:25,53
647,02:15:30,52
648,02:15:45,52
649,02:15:50,54
650,02:16:00,53
651,02:16:15,53
652,02:16:20,54
653,02:16:30,52
654,02:16:40,53
655,02:16:50,54
656,02:17:05,54
657,02:17:10,53
658,02:17:25,53
659,02:17:30,52
660,02:17:40,53
661,02:17:50,54
662,02:18:00,53
663,02:18:10,52
664,02:18:20,53
665,02:18:30,52
666,02:18:40,53
667,02:18:50,53
668,02:18:55,54
669,02:19:00,55
670,02:19:10,58
671,02:19:20,56
672,02:19:30,54
673,02:19:40,54
674,02:19:50,52
675,02:20:00,48
676,02:20:15,48
677,02:20:20,49
678,02:20:30,50
679,02:20:40,52
680,02:20:50,51
681,02:21:05,51
682,02:21:20,53
683,02:21:30,52
684,02:21:40,51
685,02:21:50,52
686,02:22:00,51
687,02:22:10,50
688,02:22:20,52
689,02:22:30,53
690,02:22:40,52
691,02:22:55,52
692,02:23:00,53
693,02:23:10,52
694,02:23:20,53
695,02:23:30,52
696,02:23:40,53
697,02:23:50,52
698,02:24:05,52
699,02:24:20,52
700,02:24:35,52
701,02:24:50,50
702,02:25:00,54
703,02:25:10,52
704,02:25:20,56
705,02:25:30,53
706,02:25:40,52
707,02:25:50,53
708,02:26:00,54
709,02:26:10,55
710,02:26:20,54
711,02:26:30,53
712,02:26:40,52
713,02:26:50,51
714,02:26:55,52
715,02:27:00,53
716,02:27:10,56
717,02:27:25,56
718,02:27:30,53
719,02:27:45,53
720,02:27:50,52
721,02:28:00,52
722,02:28:15,52
723,02:28:20,49
724,02:28:30,49
725,02:28:40,50
726,02:28:50,48
727,02:29:00,49
728,02:29:10,47
729,02:29:20,48
730,02:29:30,49
731,02:29:45,49
732,02:30:00,50
733,02:30:10,48
734,02:30:20,49
735,02:30:35,49
736,02:30:50,49
737,02:31:05,49
738,02:31:20,49
739,02:31:30,50
740,02:31:40,49
741,02:31:50,50
742,02:32:05,50
743,02:32:10,50
744,02:32:25,50
745,02:32:40,50
746,02:32:50,52
747,02:33:05,52
748,02:33:20,51
749,02:33:35,51
750,02:33:40,50
751,02:33:50,51
752,02:34:05,51
753,02:34:10,52
754,02:34:20,51
755,02:34:35,51
756,02:34:50,51
757,02:35:00,50
758,02:35:10,51
759,02:35:25,51
760,02:35:40,51
761,02:35:55,51
762,02:36:00,51
763,02:36:15,51
764,02:36:20,53
765,02:36:30,52
766,02:36:45,52
767,02:36:50,53
768,02:37:00,51
769,02:37:10,50
770,02:37:20,50
771,02:37:30,53
772,02:37:40,54
773,02:37:50,53
774,02:38:05,53
775,02:38:10,52
776,02:38:25,52
777,02:38:40,52
778,02:38:55,52
779,02:39:10,53
780,02:39:25,53
781,02:39:30,54
782,02:39:40,53
783,02:39:50,54
784,02:40:05,54
785,02:40:10,52
786,02:40:25,52
787,02:40:30,53
788,02:40:45,53
789,02:41:00,53
790,02:41:10,52
791,02:41:25,52
792,02:41:40,52
793,02:41:50,53
794,02:42:05,53
795,02:42:10,52
796,02:42:20,53
797,02:42:30,52
798,02:42:45,52
799,02:42:50,51
800,02:43:00,53
801,02:43:10,55
802,02:43:20,54
803,02:43:30,52
804,02:43:40,53
805,02:43:55,53
806,02:44:10,52
807,02:44:25,52
808,02:44:30,51
809,02:44:45,51
810,02:44:50,50
811,02:45:05,50
812,02:45:20,53
813,02:45:35,53
814,02:45:40,52
815,02:45:55,52
816,02:46:00,53
817,02:46:10,52
818,02:46:20,53
819,02:46:35,53
820,02:46:40,52
821,02:46:55,52
822,02:47:00,53
823,02:47:10,52
824,02:47:20,54
825,02:47:35,54
826,02:47:50,54
827,02:48:00,53
828,02:48:10,52
829,02:48:25,52
830,02:48:40,53
831,02:48:50,54
832,02:49:00,53
833,02:49:10,52
834,02:49:25,52
835,02:49:40,52
836,02:49:55,52
837,02:50:10,54
838,02:50:20,53
839,02:50:30,53
840,02:50:40,52
841,02:50:55,52
842,02:51:00,54
843,02:51:15,54
844,02:51:20,52
845,02:51:30,53
846,02:51:45,53
847,02:51:50,52
848,02:52:05,52
849,02:52:10,53
850,02:52:25,53
851,02:52:30,52
852,02:52:40,53
853,02:52:55,53
854,02:53:10,53
855,02:53:20,54
856,02:53:35,54
857,02:53:50,54
858,02:54:00,53
859,02:54:10,52
860,02:54:25,52
861,02:54:40,53
862,02:54:55,53
863,02:55:10,53
864,02:55:20,52
865,02:55:35,52
866,02:55:50,52
867,02:56:05,52
868,02:56:10,53
869,02:56:25,53
870,02:56:30,52
871,02:56:45,52
872,02:56:50,53
873,02:57:05,53
874,02:57:20,53
875,02:57:30,52
876,02:57:40,51
877,02:57:50,52
878,02:58:00,52
879,02:58:10,53
880,02:58:25,53
881,02:58:40,53
882,02:58:50,52
883,02:59:00,53
884,02:59:15,53
885,02:59:20,54
886,02:59:35,54
887,02:59:50,53
888,03:00:00,51
889,03:00:10,54
890,03:00:20,53
891,03:00:35,53
892,03:00:50,53
893,03:01:05,53
894,03:01:10,52
895,03:01:20,51
896,03:01:35,51
897,03:01:40,50
898,03:01:50,51
899,03:02:00,53
900,03:02:15,53
901,03:02:30,53
902,03:02:45,53
903,03:02:50,51
904,03:03:00,52
905,03:03:10,51
906,03:03:20,52
907,03:03:35,52
908,03:03:40,53
909,03:03:55,53
910,03:04:10,52
911,03:04:20,53
912,03:04:30,54
913,03:04:40,53
914,03:04:50,51
915,03:05:00,52
916,03:05:15,52
917,03:05:20,51
918,03:05:30,53
919,03:05:45,53
920,03:06:00,52
921,03:06:10,53
922,03:06:25,53
923,03:06:40,53
924,03:06:50,52
925,03:07:00,51
926,03:07:15,51
927,03:07:30,52
928,03:07:45,52
929,03:08:00,53
930,03:08:10,54
931,03:08:20,53
932,03:08:30,53
933,03:08:40,52
934,03:08:55,52
935,03:09:00,54
936,03:09:15,54
937,03:09:20,53
938,03:09:30,54
939,03:09:45,54
940,03:09:50,53
941,03:10:00,54
942,03:10:15,54
943,03:10:30,53
944,03:10:40,55
945,03:10:50,54
946,03:11:00,53
947,03:11:10,52
948,03:11:20,54
949,03:11:35,54
950,03:11:50,54
951,03:12:05,54
952,03:12:10,55
953,03:12:15,56
954,03:12:20,66
955,03:12:30,71
956,03:12:40,69
957,03:12:50,70
958,03:12:55,70
959,03:13:00,71
960,03:13:10,68
961,03:13:15,64
962,03:13:30,68
963,03:13:40,57
964,03:13:50,56
965,03:14:00,57
966,03:14:10,58
967,03:14:25,58
968,03:14:30,56
969,03:14:40,57
970,03:14:50,59
971,03:15:00,56
972,03:15:10,57
973,03:15:20,59
974,03:15:30,58
975,03:15:40,61
976,03:15:50,59
977,03:16:00,56
978,03:16:10,58
979,03:16:20,57
980,03:16:30,58
981,03:16:40,61
982,03:16:50,59
983,03:17:00,60
984,03:17:10,57
985,03:17:20,56
986,03:17:30,57
987,03:17:40,61
988,03:17:50,59
989,03:18:05,59
990,03:18:10,60
991,03:18:20,61
992,03:18:30,58
993,03:18:45,58
994,03:19:00,58
995,03:19:10,57
996,03:19:20,60
997,03:19:30,61
998,03:19:40,58
999,03:19:55,58
1000,03:20:10,60
1001,03:20:20,61
1002,03:20:30,57
1003,03:20:45,57
1004,03:20:50,56
1005,03:21:00,60
1006,03:21:10,56
1007,03:21:25,56
1008,03:21:30,60
1009,03:21:40,56
1010,03:21:50,58
1011,03:22:00,59
1012,03:22:10,57
1013,03:22:20,55
1014,03:22:30,56
1015,03:22:40,60
1016,03:22:50,59
1017,03:23:00,57
1018,03:23:10,56
1019,03:23:20,59
1020,03:23:30,56
1021,03:23:40,57
1022,03:23:50,61
1023,03:24:00,58
1024,03:24:10,60
1025,03:24:25,60
1026,03:24:40,61
1027,03:24:55,61
1028,03:25:00,60
1029,03:25:10,62
1030,03:25:25,62
1031,03:25:30,56
1032,03:25:40,57
1033,03:25:50,59
1034,03:26:05,59
1035,03:26:10,61
1036,03:26:20,60
1037,03:26:35,60
1038,03:26:40,60
1039,03:26:50,64
1040,03:27:05,64
1041,03:27:10,56
1042,03:27:25,56
1043,03:27:40,57
1044,03:27:50,59
1045,03:28:00,61
1046,03:28:10,63
1047,03:28:15,64
1048,03:28:20,69
1049,03:28:30,73
1050,03:28:40,68
1051,03:28:55,68
1052,03:29:00,64
1053,03:29:10,61
1054,03:29:25,61
1055,03:29:40,67
1056,03:29:50,58
1057,03:30:00,56
1058,03:30:10,58
1059,03:30:25,58
1060,03:30:40,59
1061,03:30:50,59
1062,03:31:00,58
1063,03:31:15,58
1064,03:31:20,58
1065,03:31:30,59
1066,03:31:40,58
1067,03:31:50,58
1068,03:32:00,57
1069,03:32:10,56
1070,03:32:20,58
1071,03:32:30,59
1072,03:32:40,61
1073,03:32:50,60
1074,03:33:00,59
1075,03:33:15,59
1076,03:33:20,59
1077,03:33:30,61
1078,03:33:40,61
1079,03:33:50,59
1080,03:34:00,56
1081,03:34:10,56
1082,03:34:20,57
1083,03:34:30,58
1084,03:34:40,56
1085,03:34:50,55
1086,03:35:00,54
1087,03:35:10,54
1088,03:35:20,56
1089,03:35:30,56
1090,03:35:40,56
1091,03:35:50,56
1092,03:36:00,59
1093,03:36:10,59
1094,03:36:25,59
1095,03:36:30,58
1096,03:36:40,58
1097,03:36:50,59
1098,03:37:00,61
1099,03:37:10,62
1100,03:37:15,60
1101,03:37:30,60
1102,03:37:45,60
1103,03:37:50,61
1104,03:38:00,68
1105,03:38:10,62
1106,03:38:20,58
1107,03:38:25,59
1108,03:38:30,60
1109,03:38:40,63
1110,03:38:50,56
1111,03:39:00,57
1112,03:39:10,60
1113,03:39:25,60
1114,03:39:30,60
1115,03:39:40,62
1116,03:39:55,62
1117,03:40:00,63
1118,03:40:10,65
1119,03:40:20,65
1120,03:40:30,61
1121,03:40:40,58
1122,03:40:55,58
1123,03:41:00,58
1124,03:41:15,58
1125,03:41:20,60
1126,03:41:30,62
1127,03:41:40,61
1128,03:41:50,58
1129,03:42:00,57
1130,03:42:10,58
1131,03:42:20,56
1132,03:42:30,61
1133,03:42:40,60
1134,03:42:50,62
1135,03:43:00,64
1136,03:43:10,60
1137,03:43:20,59
1138,03:43:30,60
1139,03:43:40,61
1140,03:43:50,64
1141,03:44:00,65
1142,03:44:10,65
1143,03:44:20,64
1144,03:44:35,64
1145,03:44:40,60
1146,03:44:55,60
1147,03:45:00,61
1148,03:45:10,63
1149,03:45:25,63
1150,03:45:30,61
1151,03:45:40,59
1152,03:45:50,60
1153,03:46:00,62
1154,03:46:10,57
1155,03:46:25,57
1156,03:46:30,60
1157,03:46:45,60
1158,03:46:50,61
1159,03:47:05,61
1160,03:47:10,59
1161,03:47:25,59
1162,03:47:30,62
1163,03:47:40,61
1164,03:47:50,58
1165,03:48:00,59
1166,03:48:15,59
1167,03:48:20,58
1168,03:48:35,58
1169,03:48:50,60
1170,03:49:00,56
1171,03:49:10,59
1172,03:49:20,59
1173,03:49:30,58
1174,03:49:40,58
1175,03:49:50,55
1176,03:50:00,54
1177,03:50:10,56
1178,03:50:20,57
1179,03:50:30,59
1180,03:50:40,58
1181,03:50:50,59
1182,03:51:00,56
1183,03:51:10,55
1184,03:51:25,55
1185,03:51:30,58
1186,03:51:40,55
1187,03:51:55,55
1188,03:52:00,56
1189,03:52:10,58
1190,03:52:25,58
1191,03:52:30,57
1192,03:52:45,57
1193,03:52:50,56
1194,03:53:05,56
1195,03:53:10,58
1196,03:53:25,58
1197,03:53:40,58
1198,03:53:50,59
1199,03:54:00,57
1200,03:54:10,56
1201,03:54:20,57
1202,03:54:35,57
1203,03:54:40,55
1204,03:54:55,55
1205,03:55:00,56
1206,03:55:10,58
1207,03:55:25,58
1208,03:55:40,58
1209,03:55:50,59
1210,03:56:00,58
1211,03:56:15,58
1212,03:56:30,55
1213,03:56:40,56
1214,03:56:50,57
1215,03:57:00,58
1216,03:57:15,58
1217,03:57:20,59
1218,03:57:30,56
1219,03:57:40,57
1220,03:57:50,56
1221,03:58:00,57
1222,03:58:10,59
1223,03:58:20,58
1224,03:58:30,56
1225,03:58:40,57
1226,03:58:50,57
1227,03:59:00,58
1228,03:59:10,57
1229,03:59:25,57
1230,03:59:40,60
1231,03:59:50,58
1232,04:00:00,56
1233,04:00:10,57
1234,04:00:20,56
1235,04:00:30,57
1236,04:00:40,58
1237,04:00:50,59
1238,04:01:00,58
1239,04:01:10,57
1240,04:01:20,56
1241,04:01:35,56
1242,04:01:50,56
1243,04:01:55,56
1244,04:02:05,57
1245,04:02:15,56
1246,04:02:20,57
1247,04:02:30,56
1248,04:02:40,54
1249,04:02:55,54
1250,04:03:00,57
1251,04:03:10,54
1252,04:03:20,55
1253,04:03:30,54
1254,04:03:40,53
1255,04:03:50,54
1256,04:04:00,56
1257,04:04:10,55
1258,04:04:20,54
1259,04:04:35,54
1260,04:04:40,55
1261,04:04:50,54
1262,04:05:05,54
1263,04:05:20,53
1264,04:05:35,53
1265,04:05:40,55
1266,04:05:50,54
1267,04:06:00,53
1268,04:06:10,54
1269,04:06:20,55
1270,04:06:30,54
1271,04:06:45,54
1272,04:06:50,53
1273,04:07:00,54
1274,04:07:15,54
1275,04:07:30,54
1276,04:07:40,55
1277,04:07:55,55
1278,04:08:00,53
1279,04:08:15,53
1280,04:08:20,54
1281,04:08:30,55
1282,04:08:40,54
1283,04:08:55,54
1284,04:09:00,53
1285,04:09:15,53
1286,04:09:20,52
1287,04:09:30,54
1288,04:09:40,53
1289,04:09:50,54
1290,04:10:00,56
1291,04:10:10,55
1292,04:10:20,54
1293,04:10:35,54
1294,04:10:40,53
1295,04:10:55,53
1296,04:11:00,54
1297,04:11:10,55
1298,04:11:20,54
1299,04:11:35,54
1300,04:11:50,55
1301,04:12:00,54
1302,04:12:15,54
1303,04:12:20,53
1304,04:12:30,54
1305,04:12:40,55
1306,04:12:50,54
1307,04:13:00,53
1308,04:13:15,53
1309,04:13:30,55
1310,04:13:40,56
1311,04:13:45,56
1312,04:13:55,57
1313,04:14:00,58
1314,04:14:05,58
1315,04:14:10,60
1316,04:14:15,61
1317,04:14:20,63
1318,04:14:25,66
1319,04:14:30,64
1320,04:14:35,64
1321,04:14:40,62
1322,04:14:45,57
1323,04:14:50,56
1324,04:15:05,55
1325,04:15:10,56
1326,04:15:20,55
1327,04:15:30,54
1328,04:15:45,54
1329,04:16:00,55
1330,04:16:15,55
1331,04:16:20,54
1332,04:16:30,53
1333,04:16:45,53
1334,04:16:50,53
1335,04:17:05,53
1336,04:17:10,51
1337,04:17:25,51
1338,04:17:40,50
1339,04:17:50,51
1340,04:18:00,52
1341,04:18:15,52
1342,04:18:30,51
1343,04:18:45,51
1344,04:19:00,51
1345,04:19:15,51
1346,04:19:20,52
1347,04:19:35,52
1348,04:19:50,50
1349,04:20:00,51
1350,04:20:15,51
1351,04:20:20,50
1352,04:20:30,51
1353,04:20:40,52
1354,04:20:50,51
1355,04:21:05,51
1356,04:21:10,50
1357,04:21:25,50
1358,04:21:30,51
1359,04:21:40,52
1360,04:21:55,52
1361,04:22:00,52
1362,04:22:10,51
1363,04:22:20,49
1364,04:22:35,49
1365,04:22:50,50
1366,04:23:00,51
1367,04:23:10,50
1368,04:23:20,51
1369,04:23:35,51
1370,04:23:50,50
1371,04:24:00,51
1372,04:24:10,50
1373,04:24:20,51
1374,04:24:35,51
1375,04:24:40,52
1376,04:24:55,52
1377,04:25:10,52
1378,04:25:20,51
1379,04:25:30,52
1380,04:25:45,52
1381,04:26:00,52
1382,04:26:10,53
1383,04:26:20,52
1384,04:26:30,51
1385,04:26:45,51
1386,04:26:50,52
1387,04:27:00,50
1388,04:27:10,50
1389,04:27:25,50
1390,04:27:30,51
1391,04:27:40,50
1392,04:27:50,54
1393,04:28:00,53
1394,04:28:10,52
1395,04:28:20,51
1396,04:28:35,51
1397,04:28:50,52
1398,04:29:05,52
1399,04:29:10,51
1400,04:29:25,51
1401,04:29:40,53
1402,04:29:50,52
1403,04:30:00,51
1404,04:30:15,51
1405,04:30:30,51
1406,04:30:40,52
1407,04:30:55,52
1408,04:31:10,51
1409,04:31:20,51
1410,04:31:30,52
1411,04:31:45,52
1412,04:32:00,52
1413,04:32:10,51
1414,04:32:25,51
1415,04:32:30,52
1416,04:32:40,51
1417,04:32:55,51
1418,04:33:00,52
1419,04:33:15,52
1420,04:33:20,51
1421,04:33:30,54
1422,04:33:45,54
1423,04:33:50,53
1424,04:34:05,53
1425,04:34:20,51
1426,04:34:35,51
1427,04:34:50,52
1428,04:35:00,54
1429,04:35:15,54
1430,04:35:20,55
1431,04:35:30,54
1432,04:35:40,53
1433,04:35:50,52
1434,04:36:05,52
1435,04:36:10,53
1436,04:36:20,52
1437,04:36:30,51
1438,04:36:45,51
1439,04:36:50,52
1440,04:37:05,52
1441,04:37:20,51
1442,04:37:30,52
1443,04:37:45,52
1444,04:38:00,53
1445,04:38:10,54
1446,04:38:20,53
1447,04:38:30,52
1448,04:38:45,52
1449,04:38:50,53
1450,04:39:00,52
1451,04:39:15,52
1452,04:39:20,53
1453,04:39:35,53
1454,04:39:50,52
1455,04:40:00,54
1456,04:40:15,54
1457,04:40:30,54
1458,04:40:35,55
1459,04:40:45,61
1460,04:40:50,63
1461,04:41:00,69
1462,04:41:10,66
1463,04:41:20,63
1464,04:41:35,63
1465,04:41:40,64
1466,04:41:50,60
1467,04:42:00,55
1468,04:42:10,52
1469,04:42:20,51
1470,04:42:30,52
1471,04:42:40,54
1472,04:42:50,53
1473,04:43:00,52
1474,04:43:15,52
1475,04:43:20,55
1476,04:43:30,53
1477,04:43:45,53
1478,04:44:00,53
1479,04:44:05,52
1480,04:44:20,68
1481,04:44:30,64
1482,04:44:40,62
1483,04:44:50,59
1484,04:45:00,56
1485,04:45:15,59
1486,04:45:30,65
1487,04:45:45,65
1488,04:45:50,63
1489,04:46:00,56
1490,04:46:10,63
1491,04:46:25,63
1492,04:46:30,60
1493,04:46:40,55
1494,04:46:50,58
1495,04:47:00,60
1496,04:47:10,58
1497,04:47:20,56
1498,04:47:30,57
1499,04:47:40,54
1500,04:47:50,56
1501,04:48:00,55
1502,04:48:10,57
1503,04:48:20,55
1504,04:48:35,55
1505,04:48:40,57
1506,04:48:50,60
1507,04:49:00,65
1508,04:49:10,61
1509,04:49:20,56
1510,04:49:30,55
1511,04:49:40,58
1512,04:49:50,59
1513,04:50:05,59
1514,04:50:10,55
1515,04:50:20,56
1516,04:50:35,56
1517,04:50:40,57
1518,04:50:50,58
1519,04:51:05,58
1520,04:51:10,57
1521,04:51:20,54
1522,04:51:30,56
1523,04:51:45,56
1524,04:51:50,58
1525,04:52:00,56
1526,04:52:10,57
1527,04:52:20,58
1528,04:52:30,55
1529,04:52:45,55
1530,04:53:00,55
1531,04:53:05,61
1532,04:53:10,63
1533,04:53:20,57
1534,04:53:30,55
1535,04:53:40,56
1536,04:53:50,55
1537,04:54:00,56
1538,04:54:10,57
1539,04:54:20,55
1540,04:54:30,56
1541,04:54:40,55
1542,04:54:50,56
1543,04:55:00,55
1544,04:55:10,56
1545,04:55:20,57
1546,04:55:30,58
1547,04:55:45,58
1548,04:55:50,57
1549,04:56:00,60
1550,04:56:10,59
1551,04:56:20,57
1552,04:56:30,56
1553,04:56:40,60
1554,04:56:45,61
1555,04:56:50,62
1556,04:57:00,58
1557,04:57:10,57
1558,04:57:25,57
1559,04:57:40,59
1560,04:57:50,58
1561,04:58:05,58
1562,04:58:10,59
1563,04:58:20,61
1564,04:58:35,62
1565,04:58:40,63
1566,04:58:55,63
1567,04:59:00,64
1568,04:59:05,61
1569,04:59:20,60
1570,04:59:30,57
1571,04:59:40,55
1572,04:59:50,53
1573,05:00:05,53
1574,05:00:10,55
1575,05:00:20,54
1576,05:00:35,54
1577,05:00:40,57
1578,05:00:55,57
1579,05:01:00,55
1580,05:01:10,53
1581,05:01:20,55
1582,05:01:30,56
1583,05:01:40,54
1584,05:01:50,52
1585,05:02:05,52
1586,05:02:10,54
1587,05:02:20,56
1588,05:02:30,55
1589,05:02:45,55
1590,05:03:00,56
1591,05:03:10,59
1592,05:03:20,58
1593,05:03:30,56
1594,05:03:40,54
1595,05:03:50,53
1596,05:04:05,53
1597,05:04:10,54
1598,05:04:20,56
1599,05:04:30,55
1600,05:04:40,54
1601,05:04:50,52
1602,05:05:00,52
1603,05:05:10,53
1604,05:05:20,58
1605,05:05:30,55
1606,05:05:40,54
1607,05:05:50,53
1608,05:06:00,55
1609,05:06:10,53
1610,05:06:20,52
1611,05:06:30,53
1612,05:06:40,57
1613,05:06:50,55
1614,05:07:00,57
1615,05:07:10,58
1616,05:07:20,57
1617,05:07:30,55
1618,05:07:40,54
1619,05:07:50,56
1620,05:08:00,54
1621,05:08:10,53
1622,05:08:15,54
1623,05:08:20,55
1624,05:08:35,55
1625,05:08:50,55
1626,05:09:00,59
1627,05:09:10,57
1628,05:09:20,60
1629,05:09:30,61
1630,05:09:40,60
1631,05:09:55,60
1632,05:10:10,58
1633,05:10:20,57
1634,05:10:30,59
1635,05:10:40,63
1636,05:10:50,60
1637,05:11:00,61
1638,05:11:10,59
1639,05:11:20,58
1640,05:11:30,60
1641,05:11:40,59
1642,05:11:50,60
1643,05:12:00,62
1644,05:12:10,57
1645,05:12:25,57
1646,05:12:40,57
1647,05:12:50,59
1648,05:13:00,60
1649,05:13:10,61
1650,05:13:20,62
1651,05:13:30,63
1652,05:13:40,62
1653,05:13:50,63
1654,05:14:05,63
1655,05:14:20,63
1656,05:14:25,63
1657,05:14:40,63
1658,05:14:50,59
1659,05:15:05,59
1660,05:15:10,60
1661,05:15:25,60
1662,05:15:30,64
1663,05:15:40,66
1664,05:15:50,65
1665,05:16:00,64
1666,05:16:10,64
1667,05:16:15,65
1668,05:16:20,70
1669,05:16:30,64
1670,05:16:40,58
1671,05:16:45,57
1672,05:17:00,66
1673,05:17:05,67
1674,05:17:20,62
1675,05:17:30,64
1676,05:17:45,64
1677,05:17:50,57
1678,05:18:00,61
1679,05:18:10,60
1680,05:18:15,59
1681,05:18:30,58
1682,05:18:40,55
1683,05:18:55,55
1684,05:19:00,59
1685,05:19:10,60
1686,05:19:20,64
1687,05:19:30,59
1688,05:19:40,56
1689,05:19:45,55
1690,05:19:50,55
1691,05:20:05,55
1692,05:20:10,59
1693,05:20:20,58
1694,05:20:30,55
1695,05:20:40,56
1696,05:20:55,56
1697,05:21:10,57
1698,05:21:25,57
1699,05:21:40,57
1700,05:21:50,55
1701,05:22:00,57
1702,05:22:10,55
1703,05:22:20,54
1704,05:22:30,55
1705,05:22:45,55
1706,05:23:00,55
1707,05:23:15,55
1708,05:23:20,54
1709,05:23:30,55
1710,05:23:40,54
1711,05:23:50,55
1712,05:24:00,56
1713,05:24:10,56
1714,05:24:20,54
1715,05:24:30,52
1716,05:24:40,54
1717,05:24:55,54
1718,05:25:10,53
1719,05:25:20,54
1720,05:25:30,53
1721,05:25:45,53
1722,05:26:00,63
1723,05:26:10,61
1724,05:26:20,57
1725,05:26:30,56
1726,05:26:40,55
1727,05:26:55,55
1728,05:27:00,54
1729,05:27:10,55
1730,05:27:20,56
1731,05:27:35,56
1732,05:27:40,55
1733,05:27:45,55
1734,05:28:00,55
1735,05:28:10,59
1736,05:28:20,58
1737,05:28:30,57
1738,05:28:45,57
1739,05:29:00,57
1740,05:29:10,56
1741,05:29:20,55
1742,05:29:30,52
1743,05:29:40,51
1744,05:29:50,52
1745,05:30:00,54
1746,05:30:10,53
1747,05:30:20,52
1748,05:30:30,53
1749,05:30:40,54
1750,05:30:50,55
1751,05:31:05,55
1752,05:31:10,56
1753,05:31:25,56
1754,05:31:30,54
1755,05:31:45,54
1756,05:31:50,53
1757,05:32:05,53
1758,05:32:10,54
1759,05:32:25,54
1760,05:32:40,53
1761,05:32:50,58
1762,05:33:00,54
1763,05:33:10,52
1764,05:33:20,53
1765,05:33:35,53
1766,05:33:40,54
1767,05:33:50,55
1768,05:34:05,55
1769,05:34:20,54
1770,05:34:35,54
1771,05:34:40,55
1772,05:34:50,54
1773,05:35:00,53
1774,05:35:15,53
1775,05:35:20,54
1776,05:35:30,53
1777,05:35:40,54
1778,05:35:50,53
1779,05:36:05,53
1780,05:36:10,54
1781,05:36:25,54
1782,05:36:30,55
1783,05:36:40,54
1784,05:36:55,54
1785,05:37:10,54
1786,05:37:20,56
1787,05:37:30,54
1788,05:37:40,53
1789,05:37:50,53
1790,05:38:00,54
1791,05:38:15,54
1792,05:38:30,54
1793,05:38:45,54
1794,05:39:00,54
1795,05:39:10,55
1796,05:39:20,53
1797,05:39:35,53
1798,05:39:50,53
1799,05:40:00,54
1800,05:40:10,53
1801,05:40:20,56
1802,05:40:35,56
1803,05:40:40,70
1804,05:40:50,64
1805,05:41:00,63
1806,05:41:10,60
1807,05:41:20,55
1808,05:41:30,54
1809,05:41:45,54
1810,05:42:00,53
1811,05:42:10,52
1812,05:42:25,52
1813,05:42:40,53
1814,05:42:55,53
1815,05:43:00,53
1816,05:43:15,53
1817,05:43:20,56
1818,05:43:25,58
1819,05:43:40,58
1820,05:43:50,56
1821,05:44:00,54
1822,05:44:10,55
1823,05:44:20,54
1824,05:44:35,54
1825,05:44:40,53
1826,05:44:50,53
1827,05:45:00,51
1828,05:45:15,51
1829,05:45:30,52
1830,05:45:40,54
1831,05:45:50,53
1832,05:46:00,54
1833,05:46:10,53
1834,05:46:20,52
1835,05:46:35,52
1836,05:46:50,52
1837,05:47:05,52
1838,05:47:10,53
1839,05:47:20,53
1840,05:47:30,53
1841,05:47:45,53
1842,05:47:50,54
1843,05:48:05,54
1844,05:48:20,53
1845,05:48:35,53
1846,05:48:40,52
1847,05:48:50,53
1848,05:49:00,54
1849,05:49:10,53
1850,05:49:25,53
1851,05:49:40,53
1852,05:49:50,55
1853,05:50:00,54
1854,05:50:10,53
1855,05:50:20,52
1856,05:50:35,52
1857,05:50:40,51
1858,05:50:50,50
1859,05:51:05,50
1860,05:51:10,51
1861,05:51:25,51
1862,05:51:30,53
1863,05:51:40,55
1864,05:51:55,55
1865,05:52:00,54
1866,05:52:10,53
1867,05:52:25,53
1868,05:52:30,54
1869,05:52:40,54
1870,05:52:50,53
1871,05:53:05,53
1872,05:53:10,52
1873,05:53:20,54
1874,05:53:35,54
1875,05:53:40,53
1876,05:53:55,53
1877,05:54:00,54
1878,05:54:10,53
1879,05:54:20,52
1880,05:54:35,52
1881,05:54:40,54
1882,05:54:50,53
1883,05:55:00,52
1884,05:55:15,52
1885,05:55:20,53
1886,05:55:35,53
1887,05:55:40,54
1888,05:55:55,54
1889,05:56:00,53
1890,05:56:15,53
1891,05:56:30,53
1892,05:56:40,52
1893,05:56:50,53
1894,05:57:05,53
1895,05:57:10,52
1896,05:57:20,52
1897,05:57:30,51
1898,05:57:40,53
1899,05:57:50,54
1900,05:58:00,57
1901,05:58:10,56
1902,05:58:20,54
1903,05:58:30,53
1904,05:58:40,55
1905,05:58:50,56
1906,05:59:05,56
1907,05:59:20,54
1908,05:59:30,55
1909,05:59:40,53
1910,05:59:50,52
1911,06:00:00,53
1912,06:00:10,55
1913,06:00:25,55
1914,06:00:30,54
1915,06:00:45,54
1916,06:00:50,53
1917,06:01:05,53
1918,06:01:10,53
1919,06:01:20,56
1920,06:01:30,54
1921,06:01:40,53
1922,06:01:55,53
1923,06:02:00,54
1924,06:02:10,55
1925,06:02:20,54
1926,06:02:30,53
1927,06:02:45,53
1928,06:03:00,53
1929,06:03:10,54
1930,06:03:20,53
1931,06:03:35,53
1932,06:03:40,52
1933,06:03:50,55
1934,06:04:00,54
1935,06:04:10,53
1936,06:04:25,53
1937,06:04:40,53
1938,06:04:50,56
1939,06:05:00,55
1940,06:05:10,54
1941,06:05:20,56
1942,06:05:30,54
1943,06:05:40,53
1944,06:05:55,53
1945,06:06:00,54
1946,06:06:15,54
1947,06:06:30,58
1948,06:06:40,56
1949,06:06:50,54
1950,06:07:00,53
1951,06:07:10,55
1952,06:07:20,54
1953,06:07:30,55
1954,06:07:40,54
1955,06:07:50,54
1956,06:08:00,52
1957,06:08:15,52
1958,06:08:20,53
1959,06:08:35,53
1960,06:08:40,57
1961,06:08:50,56
1962,06:09:00,54
1963,06:09:15,54
1964,06:09:20,55
1965,06:09:30,53
1966,06:09:40,54
1967,06:09:50,55
1968,06:10:05,55
1969,06:10:10,56
1970,06:10:20,55
1971,06:10:35,55
1972,06:10:50,55
1973,06:11:05,55
1974,06:11:10,57
1975,06:11:20,60
1976,06:11:30,59
1977,06:11:40,56
1978,06:11:55,56
1979,06:12:10,55
1980,06:12:20,58
1981,06:12:30,60
1982,06:12:45,60
1983,06:12:50,57
1984,06:13:00,56
1985,06:13:15,56
1986,06:13:20,55
1987,06:13:30,56
1988,06:13:40,58
1989,06:13:50,60
1990,06:14:00,59
1991,06:14:10,57
1992,06:14:25,57
1993,06:14:30,59
1994,06:14:45,59
1995,06:14:50,60
1996,06:15:05,60
1997,06:15:10,59
1998,06:15:15,60
1999,06:15:30,60
2000,06:15:45,60
2001,06:16:00,60
2002,06:16:10,61
2003,06:16:15,60
2004,06:16:20,60
2005,06:16:35,60
2006,06:16:50,61
2007,06:17:00,60
2008,06:17:15,60
2009,06:17:20,60
2010,06:17:35,60
2011,06:17:40,59
2012,06:17:50,58
2013,06:18:00,57
2014,06:18:10,56
2015,06:18:20,55
2016,06:18:30,54
2017,06:18:45,54
2018,06:18:50,55
2019,06:19:05,55
2020,06:19:20,55
2021,06:19:35,55
2022,06:19:50,57
2023,06:20:05,57
2024,06:20:10,56
2025,06:20:20,58
2026,06:20:30,59
2027,06:20:40,61
2028,06:20:50,60
2029,06:21:00,61
2030,06:21:15,61
2031,06:21:20,61
2032,06:21:30,60
2033,06:21:40,61
2034,06:21:50,62
2035,06:22:00,61
2036,06:22:15,61
2037,06:22:20,62
2038,06:22:35,62
2039,06:22:40,64
2040,06:22:55,64
2041,06:23:00,66
2042,06:23:15,66
2043,06:23:30,65
2044,06:23:40,64
2045,06:23:55,64
2046,06:24:00,62
2047,06:24:10,63
2048,06:24:15,63
2049,06:24:30,63
2050,06:24:40,62
2051,06:24:55,62
2052,06:25:00,63
2053,06:25:15,63
2054,06:25:20,63
2055,06:25:25,63
2056,06:25:40,63
2057,06:25:55,63
2058,06:26:00,63
2059,06:26:10,63
2060,06:26:25,63
2061,06:26:30,73
2062,06:26:40,71
2063,06:26:50,65
2064,06:27:05,65
2065,06:27:10,66
2066,06:27:25,66
2067,06:27:30,65
2068,06:27:40,67
2069,06:27:55,67
2070,06:28:10,65
2071,06:28:20,63
2072,06:28:30,62
2073,06:28:40,63
2074,06:28:55,63
2075,06:29:10,65
2076,06:29:20,66
2077,06:29:35,66
2078,06:29:40,67
2079,06:29:55,67
2080,06:30:00,63
2081,06:30:10,65
2082,06:30:20,61
2083,06:30:30,60
2084,06:30:40,60
2085,06:30:50,62
2086,06:31:00,64
2087,06:31:10,63
2088,06:31:20,62
2089,06:31:35,62
2090,06:31:50,62
2091,06:32:00,63
2092,06:32:10,62
2093,06:32:20,61
2094,06:32:35,61
2095,06:32:40,62
2096,06:32:55,62
2097,06:33:00,63
2098,06:33:10,64
2099,06:33:25,64
2100,06:33:30,60
2101,06:33:45,60
2102,06:33:50,61
2103,06:34:00,58
2104,06:34:15,58
2105,06:34:30,58
2106,06:34:45,58
2107,06:35:00,58
2108,06:35:15,58
2109,06:35:30,58
2110,06:35:45,58
2111,06:35:50,58
2112,06:36:05,58
2113,06:36:20,58
2114,06:36:30,58
2115,06:36:40,61
2116,06:36:50,60
2117,06:37:00,64
2118,06:37:15,64
2119,06:37:30,61
2120,06:37:40,57
2121,06:37:50,56
2122,06:38:05,56
2123,06:38:10,57
2124,06:38:20,59
2125,06:38:30,61
2126,06:38:40,60
2127,06:38:45,61
2128,06:38:55,62
2129,06:39:10,59
2130,06:39:20,57
2131,06:39:30,57
2132,06:39:45,57
2133,06:40:00,57
2134,06:40:15,57
2135,06:40:30,57
2136,06:40:45,57
2137,06:41:00,57
2138,06:41:10,57
2139,06:41:25,57
2140,06:41:40,57
2141,06:41:55,57
2142,06:42:10,57
2143,06:42:25,57
2144,06:42:40,57
2145,06:42:55,57
2146,06:43:00,56
2147,06:43:10,56
2148,06:43:20,57
2149,06:43:30,58
2150,06:43:40,59
2151,06:43:55,59
2152,06:44:10,60
2153,06:44:20,59
2154,06:44:35,59
2155,06:44:40,58
2156,06:44:55,58
2157,06:45:00,59
2158,06:45:15,59
2159,06:45:30,59
2160,06:45:40,60
2161,06:45:50,60
2162,06:46:00,59
2163,06:46:10,58
2164,06:46:25,58
2165,06:46:30,59
2166,06:46:40,59
2167,06:46:50,58
2168,06:47:05,58
2169,06:47:10,59
2170,06:47:25,59
2171,06:47:30,60
2172,06:47:45,60
2173,06:48:00,60
2174,06:48:15,60
2175,06:48:30,60
2176,06:48:45,60
2177,06:49:00,60
2178,06:49:15,60
2179,06:49:30,60
2180,06:49:45,60
2181,06:49:50,60
2182,06:49:55,61
2183,06:50:00,62
2184,06:50:15,62
2185,06:50:20,63
2186,06:50:30,64
2187,06:50:40,63
2188,06:50:50,61
2189,06:51:05,61
2190,06:51:10,60
2191,06:51:20,58
2192,06:51:30,58
2193,06:51:45,58
2194,06:52:00,58
2195,06:52:15,58
2196,06:52:30,58
2197,06:52:45,58
2198,06:53:00,58
2199,06:53:10,56
2200,06:53:25,56
2201,06:53:30,59
2202,06:53:40,60
2203,06:53:50,63
2204,06:54:00,66
2205,06:54:10,65
2206,06:54:25,65
2207,06:54:40,65
2208,06:54:55,65
2209,06:55:10,65
2210,06:55:25,65
2211,06:55:40,65
2212,06:55:50,66
2213,06:56:05,66
2214,06:56:15,65
2215,06:56:30,65
2216,06:56:45,65
2217,06:57:00,65
2218,06:57:15,65
2219,06:57:20,65
2220,06:57:35,65
2221,06:57:50,65
2222,06:58:05,65
2223,06:58:20,65
2224,06:58:35,65
2225,06:58:50,65
2226,06:59:05,65
2227,06:59:10,65
2228,06:59:20,63
2229,06:59:30,62
2230,06:59:40,58
2231,06:59:55,58
2232,07:00:00,57
2233,07:00:15,57
2234,07:00:20,55
2235,07:00:30,53
2236,07:00:40,54
2237,07:00:50,56
2238,07:01:00,58
2239,07:01:15,58
2240,07:01:30,58
2241,07:01:45,58
2242,07:02:00,58
2243,07:02:15,58
2244,07:02:30,58
2245,07:02:45,58
2246,07:02:50,58
2247,07:03:05,58
2248,07:03:20,58
2249,07:03:35,58
2250,07:03:50,58
2251,07:04:05,58
2252,07:04:20,58
2253,07:04:35,58
2254,07:04:50,58
2255,07:05:05,58
2256,07:05:20,58
2257,07:05:35,58
2258,07:05:50,58
2259,07:06:05,58
2260,07:06:20,58
2261,07:06:30,58
2262,07:06:45,58
2263,07:06:50,59
2264,07:07:05,59
2265,07:07:20,59
2266,07:07:35,59
2267,07:07:50,59
2268,07:08:05,59
2269,07:08:10,60
2270,07:08:25,60
2271,07:08:40,60
2272,07:08:55,60
2273,07:09:00,60
2274,07:09:15,60
2275,07:09:30,60
2276,07:09:45,60
2277,07:10:00,60
2278,07:10:15,60
2279,07:10:30,60
2280,07:10:40,59
2281,07:10:50,59
2282,07:11:05,59
2283,07:11:20,57
2284,07:11:30,58
2285,07:11:40,57
2286,07:11:55,57
2287,07:12:10,58
2288,07:12:25,58
2289,07:12:40,58
2290,07:12:55,58
2291,07:13:10,58
2292,07:13:20,59
2293,07:13:30,58
2294,07:13:40,58
2295,07:13:50,56
2296,07:14:00,56
2297,07:14:10,56
2298,07:14:20,58
2299,07:14:30,56
2300,07:14:40,57
2301,07:14:50,58
2302,07:15:00,57
2303,07:15:10,57
2304,07:15:20,56
2305,07:15:30,56
2306,07:15:40,56
2307,07:15:50,56
2308,07:16:00,57
2309,07:16:10,56
2310,07:16:20,56
2311,07:16:30,57
2312,07:16:40,56
2313,07:16:55,56
2314,07:17:10,56
2315,07:17:20,56
2316,07:17:35,56
2317,07:17:40,57
2318,07:17:50,56
2319,07:18:00,56
2320,07:18:15,56
2321,07:18:30,57
2322,07:18:40,58
2323,07:18:50,58
2324,07:19:00,57
2325,07:19:10,56
2326,07:19:20,55
2327,07:19:30,55
2328,07:19:40,56
2329,07:19:50,55
2330,07:20:00,54
2331,07:20:10,55
2332,07:20:20,56
2333,07:20:30,56
2334,07:20:45,56
2335,07:21:00,56
2336,07:21:10,55
2337,07:21:25,55
2338,07:21:30,56
2339,07:21:40,57
2340,07:21:55,57
2341,07:22:10,57
2342,07:22:25,57
2343,07:22:30,58
2344,07:22:40,59
2345,07:22:55,59
2346,07:23:00,59
2347,07:23:10,59
2348,07:23:20,60
2349,07:23:35,60
2350,07:23:40,59
2351,07:23:50,60
2352,07:24:00,59
2353,07:24:15,59
2354,07:24:20,59
2355,07:24:35,59
2356,07:24:50,58
2357,07:25:00,58
2358,07:25:15,58
2359,07:25:20,58
2360,07:25:30,57
2361,07:25:45,57
2362,07:25:50,58
2363,07:26:05,58
2364,07:26:20,58
2365,07:26:35,58
2366,07:26:40,59
2367,07:26:55,59
2368,07:27:10,59
2369,07:27:25,59
2370,07:27:30,60
2371,07:27:35,59
2372,07:27:50,57
2373,07:27:55,58
2374,07:28:00,57
2375,07:28:15,57
2376,07:28:30,58
2377,07:28:40,59
2378,07:28:50,58
2379,07:29:00,57
2380,07:29:10,56
2381,07:29:20,55
2382,07:29:35,55
2383,07:29:50,55
2384,07:30:05,55
2385,07:30:20,54
2386,07:30:35,54
2387,07:30:40,53
2388,07:30:55,53
2389,07:31:00,52
2390,07:31:10,51
2391,07:31:20,52
2392,07:31:30,52
2393,07:31:45,52
2394,07:32:00,52
2395,07:32:15,52
2396,07:32:30,52
2397,07:32:40,53
2398,07:32:50,53
2399,07:33:00,52
2400,07:33:10,53
2401,07:33:25,53
2402,07:33:40,53
2403,07:33:50,53
2404,07:34:00,52
2405,07:34:15,52
2406,07:34:30,53
2407,07:34:45,53
2408,07:34:50,53
2409,07:35:05,53
2410,07:35:20,53
2411,07:35:30,52
2412,07:35:45,52
2413,07:36:00,53
2414,07:36:10,54
2415,07:36:25,54
2416,07:36:40,54
2417,07:36:55,54
2418,07:37:00,55
2419,07:37:10,54
2420,07:37:25,54
2421,07:37:30,53
2422,07:37:40,53
2423,07:37:50,54
2424,07:38:05,54
2425,07:38:20,54
2426,07:38:35,54
2427,07:38:40,53
2428,07:38:50,53
2429,07:39:05,53
2430,07:39:20,53
2431,07:39:30,54
2432,07:39:40,55
2433,07:39:55,55
2434,07:40:10,55
2435,07:40:20,55
2436,07:40:35,55
2437,07:40:40,73
2438,07:40:50,62
2439,07:41:00,57
2440,07:41:10,55
2441,07:41:20,54
2442,07:41:30,53
2443,07:41:40,55
2444,07:41:50,58
2445,07:41:55,57
2446,07:42:00,58
2447,07:42:15,58
2448,07:42:20,56
2449,07:42:35,56
2450,07:42:40,55
2451,07:42:50,54
2452,07:43:00,53
2453,07:43:10,53
2454,07:43:25,53
2455,07:43:30,54
2456,07:43:40,53
2457,07:43:50,53
2458,07:44:00,53
2459,07:44:10,53
2460,07:44:20,53
2461,07:44:30,56
2462,07:44:40,55
2463,07:44:50,54
2464,07:45:00,55
2465,07:45:10,54
2466,07:45:20,55
2467,07:45:30,54
2468,07:45:40,53
2469,07:45:55,53
2470,07:46:00,54
2471,07:46:10,55
2472,07:46:20,54
2473,07:46:35,54
2474,07:46:50,54
2475,07:47:00,55
2476,07:47:10,56
2477,07:47:20,55
2478,07:47:30,55
2479,07:47:40,54
2480,07:47:50,53
2481,07:48:00,54
2482,07:48:10,53
2483,07:48:20,53
2484,07:48:35,53
2485,07:48:50,55
2486,07:49:00,54
2487,07:49:15,54
2488,07:49:20,53
2489,07:49:35,53
2490,07:49:50,53
2491,07:50:00,54
2492,07:50:10,56
2493,07:50:20,55
2494,07:50:35,55
2495,07:50:40,54
2496,07:50:55,54
2497,07:51:00,54
2498,07:51:10,55
2499,07:51:20,54
2500,07:51:30,55
2501,07:51:40,54
2502,07:51:55,54
2503,07:52:10,57
2504,07:52:20,56
2505,07:52:30,55
2506,07:52:40,54
2507,07:52:55,54
2508,07:53:00,56
2509,07:53:10,55
2510,07:53:20,56
2511,07:53:30,55
2512,07:53:40,57
2513,07:53:50,57
2514,07:54:00,56
2515,07:54:15,56
2516,07:54:30,55
2517,07:54:40,56
2518,07:54:55,56
2519,07:55:00,57
2520,07:55:10,55
2521,07:55:25,55
2522,07:55:30,56
2523,07:55:45,56
2524,07:55:50,55
2525,07:56:00,57
2526,07:56:10,55
2527,07:56:20,57
2528,07:56:30,55
2529,07:56:45,55
2530,07:57:00,55
2531,07:57:15,55
2532,07:57:20,57
2533,07:57:30,55
2534,07:57:40,56
2535,07:57:50,57
2536,07:58:00,58
2537,07:58:10,55
2538,07:58:25,55
2539,07:58:40,56
2540,07:58:50,56
2541,07:59:00,55
2542,07:59:15,55
2543,07:59:20,57
2544,07:59:30,56
2545,07:59:40,54
2546,07:59:50,55
2547,08:00:00,56
2548,08:00:10,55
2549,08:00:20,56
2550,08:00:25,56
2551,08:00:40,56
2552,08:00:50,55
2553,08:05:30,70
2554,08:05:45,70
2555,08:05:50,61
2556,08:06:00,62
2557,08:06:10,59
2558,08:06:15,60
2559,08:06:30,64
2560,08:06:40,60
2561,08:06:50,59
2562,08:07:00,56
2563,08:07:10,57
2564,08:07:20,58
2565,08:07:35,58
2566,08:07:40,59
2567,08:07:55,59
2568,08:08:00,57
2569,08:08:10,56
2570,08:08:20,57
2571,08:08:30,58
2572,08:08:40,57
2573,08:08:55,57
2574,08:09:00,58
2575,08:09:10,56
2576,08:09:20,56
2577,08:09:30,58
2578,08:09:45,58
2579,08:09:50,59
2580,08:10:00,57
2581,08:10:10,56
2582,08:10:25,56
2583,08:10:30,55
2584,08:10:40,56
2585,08:10:50,58
2586,08:11:05,58
2587,08:11:20,57
2588,08:11:30,58
2589,08:11:40,59
2590,08:11:50,57
2591,08:12:00,55
2592,08:12:10,57
2593,08:12:20,61
2594,08:12:35,61
2595,08:12:40,60
2596,08:12:50,61
2597,08:13:00,62
2598,08:13:10,60
2599,08:13:20,62
2600,08:13:30,59
2601,08:13:40,58
2602,08:13:50,56
2603,08:14:00,57
2604,08:14:10,59
2605,08:14:20,57
2606,08:14:30,60
2607,08:14:40,57
2608,08:14:50,58
2609,08:15:00,58
2610,08:15:15,58
2611,08:15:20,59
2612,08:15:30,59
2613,08:15:40,58
2614,08:15:50,59
2615,08:16:00,63
2616,08:16:10,60
2617,08:16:20,59
2618,08:16:30,58
2619,08:16:40,58
2620,08:16:50,59
2621,08:17:00,58
2622,08:17:15,58
2623,08:17:20,59
2624,08:17:30,57
2625,08:17:45,57
2626,08:17:50,58
2627,08:18:00,58
2628,08:18:10,59
2629,08:18:20,58
2630,08:18:35,58
2631,08:18:40,59
2632,08:18:50,57
2633,08:19:00,59
2634,08:19:10,60
2635,08:19:20,62
2636,08:19:35,62
2637,08:19:40,62
2638,08:19:50,63
2639,08:20:00,61
2640,08:20:10,61
2641,08:20:20,58
2642,08:20:30,57
2643,08:20:45,57
2644,08:20:50,58
2645,08:21:00,59
2646,08:21:10,59
2647,08:21:20,61
2648,08:21:30,60
2649,08:21:40,58
2650,08:21:55,58
2651,08:22:10,59
2652,08:22:25,59
2653,08:22:30,59
2654,08:22:35,60
2655,08:22:50,60
2656,08:23:00,64
2657,08:23:15,64
2658,08:23:30,63
2659,08:23:45,63
2660,08:23:50,75
2661,08:24:00,68
2662,08:24:10,63
2663,08:24:20,57
2664,08:24:30,58
2665,08:24:40,57
2666,08:24:50,59
2667,08:25:00,58
2668,08:25:10,56
2669,08:25:15,57
2670,08:25:20,56
2671,08:25:30,67
2672,08:25:40,61
2673,08:25:50,58
2674,08:26:05,58
2675,08:26:10,57
2676,08:26:20,56
2677,08:26:30,55
2678,08:26:40,59
2679,08:26:55,59
2680,08:27:00,57
2681,08:27:10,58
2682,08:27:25,58
2683,08:27:40,57
2684,08:27:50,56
2685,08:28:00,55
2686,08:28:10,56
2687,08:28:25,56
2688,08:28:30,55
2689,08:28:45,55
2690,08:29:00,55
2691,08:29:10,56
2692,08:29:25,56
2693,08:29:30,64
2694,08:29:40,61
2695,08:29:50,57
2696,08:30:00,56
2697,08:30:15,56
2698,08:30:30,59
2699,08:30:40,57
2700,08:30:50,56
2701,08:31:00,56
2702,08:31:15,56
2703,08:31:20,57
2704,08:31:35,57
2705,08:31:50,56
2706,08:32:00,55
2707,08:32:10,56
2708,08:32:20,55
2709,08:32:35,55
2710,08:32:40,55
2711,08:32:50,58
2712,08:33:00,57
2713,08:33:10,56
2714,08:33:20,55
2715,08:33:35,55
2716,08:33:40,56
2717,08:33:55,56
2718,08:34:10,56
2719,08:34:20,55
2720,08:34:30,55
2721,08:34:40,56
2722,08:34:50,58
2723,08:35:05,58
2724,08:35:20,56
2725,08:35:35,56
2726,08:35:40,57
2727,08:35:50,56
2728,08:36:00,57
2729,08:36:10,58
2730,08:36:20,56
2731,08:36:30,56
2732,08:36:40,57
2733,08:36:50,58
2734,08:37:00,59
2735,08:37:15,59
2736,08:37:20,57
2737,08:37:35,57
2738,08:37:40,58
2739,08:37:50,59
2740,08:38:00,59
2741,08:38:10,57
2742,08:38:20,60
2743,08:38:30,59
2744,08:38:40,57
2745,08:38:50,58
2746,08:39:00,56
2747,08:39:15,56
2748,08:39:20,57
2749,08:39:30,59
2750,08:39:40,57
2751,08:39:50,55
2752,08:40:00,56
2753,08:40:15,56
2754,08:40:20,58
2755,08:40:35,58
2756,08:40:50,63
2757,08:41:05,63
2758,08:41:10,67
2759,08:41:20,66
2760,08:41:30,63
2761,08:41:40,60
2762,08:41:50,57
2763,08:42:00,56
2764,08:42:10,57
2765,08:42:20,58
2766,08:42:30,56
2767,08:42:40,55
2768,08:42:55,55
2769,08:43:10,57
2770,08:43:20,62
2771,08:43:30,61
2772,08:43:40,58
2773,08:43:55,58
2774,08:44:00,57
2775,08:44:15,57
2776,08:44:20,56
2777,08:44:35,56
2778,08:44:50,57
2779,08:45:00,73
2780,08:45:05,72
2781,08:45:10,72
2782,08:45:20,70
2783,08:45:30,63
2784,08:45:40,62
2785,08:45:50,60
2786,08:46:05,60
2787,08:46:20,59
2788,08:46:35,59
2789,08:46:40,58
2790,08:46:55,58
2791,08:47:00,57
2792,08:47:15,57
2793,08:47:20,56
2794,08:47:30,57
2795,08:47:40,55
2796,08:47:55,55
2797,08:48:10,56
2798,08:48:20,55
2799,08:48:30,53
2800,08:48:45,53
2801,08:48:50,54
2802,08:49:00,55
2803,08:49:10,56
2804,08:49:20,57
2805,08:49:30,59
2806,08:49:40,60
2807,08:49:50,61
2808,08:50:05,61
2809,08:50:10,60
2810,08:50:20,59
2811,08:50:35,59
2812,08:50:40,57
2813,08:50:55,57
2814,08:51:00,56
2815,08:51:10,58
2816,08:51:20,59
2817,08:51:30,61
2818,08:51:40,61
2819,08:51:50,62
2820,08:52:05,62
2821,08:52:10,64
2822,08:52:20,67
2823,08:52:30,64
2824,08:52:40,62
2825,08:52:50,61
2826,08:53:00,57
2827,08:53:10,59
2828,08:53:20,57
2829,08:53:30,56
2830,08:53:40,55
2831,08:53:55,55
2832,08:54:00,54
2833,08:54:10,55
2834,08:54:20,56
2835,08:54:35,56
2836,08:54:50,58
2837,08:55:05,58
2838,08:55:10,59
2839,08:55:20,60
2840,08:55:30,59
2841,08:55:40,58
2842,08:55:55,58
2843,08:56:00,59
2844,08:56:10,60
2845,08:56:20,61
2846,08:56:25,62
2847,08:56:40,61
2848,08:56:50,63
2849,08:57:00,68
2850,08:57:10,65
2851,08:57:20,65
2852,08:57:30,63
2853,08:57:40,64
2854,08:57:55,64
2855,08:58:10,62
2856,08:58:20,64
2857,08:58:30,65
2858,08:58:45,65
2859,08:58:50,64
2860,08:59:00,63
2861,08:59:15,63
2862,08:59:20,64
2863,08:59:35,64
2864,08:59:50,65
2865,09:00:00,64
2866,09:00:10,60
2867,09:00:20,61
2868,09:00:30,61
2869,09:00:40,60
2870,09:00:50,60
2871,09:01:05,60
2872,09:01:10,64
2873,09:01:20,68
2874,09:01:30,67
2875,09:01:40,66
2876,09:01:50,66
2877,09:02:00,64
2878,09:02:15,64
2879,09:02:20,65
2880,09:02:30,63
2881,09:02:40,62
2882,09:02:50,60
2883,09:03:00,58
2884,09:03:10,57
2885,09:03:20,59
2886,09:03:35,59
2887,09:03:40,62
2888,09:03:50,60
2889,09:04:00,63
2890,09:04:15,63
2891,09:04:20,59
2892,09:04:30,58
2893,09:04:40,60
2894,09:04:50,62
2895,09:05:00,63
2896,09:05:05,63
2897,09:05:15,66
2898,09:05:30,66
2899,09:05:40,65
2900,09:05:50,63
2901,09:06:00,64
2902,09:06:15,63
2903,09:06:30,64
2904,09:06:40,64
2905,09:06:50,63
2906,09:07:00,63
2907,09:07:10,63
2908,09:07:20,64
2909,09:07:35,64
2910,09:07:40,64
2911,09:07:50,69
2912,09:08:00,71
2913,09:08:10,70
2914,09:08:15,69
2915,09:08:30,68
2916,09:08:45,69
2917,09:09:00,68
2918,09:09:15,68
2919,09:09:30,68
2920,09:09:45,68
2921,09:09:50,67
2922,09:10:05,67
2923,09:10:15,67
2924,09:10:20,66
2925,09:10:25,67
2926,09:10:30,67
2927,09:10:45,67
2928,09:10:50,68
2929,09:11:05,68
2930,09:11:10,68
2931,09:11:25,68
2932,09:11:35,67
2933,09:11:50,67
2934,09:11:55,68
2935,09:12:00,69
2936,09:12:05,68
2937,09:12:20,68
2938,09:12:30,63
2939,09:12:40,62
2940,09:12:55,62
2941,09:13:00,63
2942,09:13:10,64
2943,09:13:20,63
2944,09:13:35,63
2945,09:13:40,64
2946,09:13:55,64
2947,09:14:00,68
2948,09:14:10,62
2949,09:14:20,58
2950,09:14:30,57
2951,09:14:45,58
2952,09:15:00,62
2953,09:15:05,62
2954,09:15:20,60
2955,09:15:30,58
2956,09:15:35,58
2957,09:15:50,58
2958,09:16:00,57
2959,09:16:10,58
2960,09:16:20,60
2961,09:16:30,60
2962,09:16:40,61
2963,09:16:50,62
2964,09:17:05,62
2965,09:17:10,61
2966,09:17:20,65
2967,09:17:30,64
2968,09:17:40,62
2969,09:17:50,60
2970,09:18:00,66
2971,09:18:10,68
2972,09:18:20,68
2973,09:18:30,68
2974,09:18:40,66
2975,09:18:55,66
2976,09:19:00,68
2977,09:19:10,63
2978,09:19:25,63
2979,09:19:30,57
2980,09:19:40,55
2981,09:19:50,58
2982,09:20:00,64
2983,09:20:10,65
2984,09:20:20,64
2985,09:20:30,65
2986,09:20:40,63
2987,09:20:55,63
2988,09:21:00,64
2989,09:21:15,64
2990,09:21:20,65
2991,09:21:30,62
2992,09:21:45,62
2993,09:21:50,59
2994,09:22:05,59
2995,09:22:10,60
2996,09:22:20,63
2997,09:22:35,63
2998,09:22:50,63
2999,09:23:00,64
3000,09:23:10,63
3001,09:23:20,62
3002,09:23:30,63
3003,09:23:40,63
3004,09:23:50,64
3005,09:24:00,65
3006,09:24:15,65
3007,09:24:20,65
3008,09:24:35,65
3009,09:24:40,66
3010,09:24:55,66
3011,09:25:00,64
3012,09:25:10,67
3013,09:25:20,65
3014,09:25:30,66
3015,09:25:40,67
3016,09:25:50,65
3017,09:25:55,64
3018,09:26:10,64
3019,09:26:20,66
3020,09:26:35,66
3021,09:26:40,65
3022,09:26:50,66
3023,09:27:00,67
3024,09:27:10,69
3025,09:27:20,69
3026,09:27:30,66
3027,09:27:40,65
3028,09:27:50,67
3029,09:28:00,69
3030,09:28:10,67
3031,09:28:20,66
3032,09:28:30,66
3033,09:28:45,66
3034,09:28:50,64
3035,09:29:00,63
3036,09:29:10,64
3037,09:29:25,64
3038,09:29:30,69
3039,09:29:40,74
3040,09:29:50,68
3041,09:30:00,66
3042,09:30:10,65
3043,09:30:20,66
3044,09:30:30,67
3045,09:30:40,69
3046,09:30:50,67
3047,09:31:00,65
3048,09:31:10,66
3049,09:31:20,64
3050,09:31:30,64
3051,09:31:40,64
3052,09:31:50,62
3053,09:32:00,61
3054,09:32:10,62
3055,09:32:20,65
3056,09:32:30,64
3057,09:32:40,62
3058,09:32:55,62
3059,09:33:10,63
3060,09:33:20,65
3061,09:33:30,65
3062,09:33:40,66
3063,09:33:55,66
3064,09:34:00,71
3065,09:34:05,73
3066,09:34:20,74
3067,09:34:30,72
3068,09:34:40,74
3069,09:34:50,75
3070,09:35:00,74
3071,09:35:10,71
3072,09:35:20,67
3073,09:35:30,65
3074,09:35:40,68
3075,09:35:50,69
3076,09:36:00,70
3077,09:36:15,70
3078,09:36:25,69
3079,09:36:35,69
3080,09:36:50,69
3081,09:37:00,69
3082,09:37:05,68
3083,09:37:10,67
3084,09:37:25,67
3085,09:37:30,67
3086,09:37:45,67
3087,09:37:50,66
3088,09:37:55,66
3089,09:38:10,66
3090,09:38:15,64
3091,09:38:25,65
3092,09:38:40,65
3093,09:38:50,73
3094,09:39:00,71
3095,09:39:10,72
3096,09:39:25,72
3097,09:39:40,72
3098,09:39:50,72
3099,09:39:55,73
3100,09:40:10,73
3101,09:40:15,73
3102,09:40:20,75
3103,09:40:25,74
3104,09:40:30,73
3105,09:40:35,76
3106,09:40:40,77
3107,09:40:50,76
3108,09:41:05,76
3109,09:41:10,78
3110,09:41:25,76
3111,09:41:35,75
3112,09:41:40,77
3113,09:41:50,76
3114,09:41:55,76
3115,09:42:10,76
3116,09:42:15,80
3117,09:42:20,79
3118,09:42:25,80
3119,09:42:30,82
3120,09:42:45,81
3121,09:43:00,81
3122,09:43:10,82
3123,09:43:20,81
3124,09:43:35,81
3125,09:43:50,81
3126,09:44:05,81
3127,09:44:20,81
3128,09:44:35,81
3129,09:44:50,79
3130,09:44:55,74
3131,09:45:10,75
3132,09:45:20,76
3133,09:45:30,73
3134,09:45:35,74
3135,09:45:40,74
3136,09:45:50,72
3137,09:45:55,71
3138,09:46:10,71
3139,09:46:25,71
3140,09:46:30,71
3141,09:46:35,69
3142,09:46:40,68
3143,09:46:55,68
3144,09:47:00,68
3145,09:47:10,66
3146,09:47:15,67
3147,09:47:20,68
3148,09:47:25,67
3149,09:47:40,67
3150,09:47:45,66
3151,09:47:50,65
3152,09:48:00,66
3153,09:48:15,65
3154,09:48:30,65
3155,09:48:40,66
3156,09:48:55,66
3157,09:49:00,65
3158,09:49:15,65
3159,09:49:20,64
3160,09:49:35,64
3161,09:49:50,64
3162,09:50:00,61
3163,09:50:05,61
3164,09:50:20,61
3165,09:50:35,62
3166,09:50:50,62
3167,09:51:05,62
3168,09:51:10,62
3169,09:51:20,61
3170,09:51:25,60
3171,09:51:40,60
3172,09:51:55,61
3173,09:52:00,63
3174,09:52:05,64
3175,09:52:10,65
3176,09:52:15,67
3177,09:52:20,67
3178,09:52:25,68
3179,09:52:30,69
3180,09:52:45,69
3181,09:52:55,77
3182,09:53:05,76
3183,09:53:10,75
3184,09:53:25,75
3185,09:53:30,70
3186,09:53:45,70
3187,09:53:50,68
3188,09:53:55,64
3189,09:54:00,61
3190,09:54:05,59
3191,09:54:20,64
3192,09:54:30,72
3193,09:54:40,69
3194,09:54:50,65
3195,09:55:00,58
3196,09:55:10,60
3197,09:55:20,66
3198,09:55:30,68
3199,09:55:35,69
3200,09:55:50,63
3201,09:56:00,61
3202,09:56:10,66
3203,09:56:20,67
3204,09:56:30,65
3205,09:56:40,73
3206,09:56:45,74
3207,09:56:55,73
3208,09:57:10,74
3209,09:57:25,74
3210,09:57:30,74
3211,09:57:35,74
3212,09:57:50,74
3213,09:57:55,75
3214,09:58:00,77
3215,09:58:15,77
3216,09:58:20,73
3217,09:58:35,73
3218,09:58:40,72
3219,09:58:45,72
3220,09:59:00,72
3221,09:59:10,73
3222,09:59:20,73
3223,09:59:35,73
3224,09:59:40,72
3225,09:59:55,72
3226,10:00:10,71
3227,10:00:15,71
3228,10:00:30,72
3229,10:00:35,71
3230,10:00:40,72
3231,10:00:55,72
3232,10:01:10,72
3233,10:01:20,70
3234,10:01:35,70
3235,10:01:45,71
3236,10:01:50,73
3237,10:01:55,74
3238,10:02:00,75
3239,10:02:10,76
3240,10:02:15,77
3241,10:02:20,79
3242,10:02:35,79
3243,10:02:50,79
3244,10:03:00,78
3245,10:03:05,78
3246,10:03:10,78
3247,10:03:25,78
3248,10:03:30,78
3249,10:03:40,79
3250,10:03:55,79
3251,10:04:00,78
3252,10:04:15,78
3253,10:04:20,77
3254,10:04:30,78
3255,10:04:40,76
3256,10:04:50,75
3257,10:05:00,74
3258,10:05:10,78
3259,10:05:20,77
3260,10:05:30,77
3261,10:05:45,77
3262,10:06:00,76
3263,10:06:10,74
3264,10:06:25,74
3265,10:06:40,74
3266,10:06:45,75
3267,10:07:00,75
3268,10:07:10,72
3269,10:07:25,72
3270,10:07:40,71
3271,10:07:55,72
3272,10:08:00,72
3273,10:08:05,72
3274,10:08:20,72
3275,10:08:25,72
3276,10:08:40,72
3277,10:08:45,71
3278,10:08:50,69
3279,10:08:55,68
3280,10:09:10,71
3281,10:09:15,73
3282,10:09:20,75
3283,10:09:25,73
3284,10:09:30,71
3285,10:09:35,73
3286,10:09:40,72
3287,10:09:45,73
3288,10:09:50,74
3289,10:09:55,75
3290,10:10:10,79
3291,10:10:20,80
3292,10:10:25,79
3293,10:10:30,79
3294,10:10:35,79
3295,10:10:40,80
3296,10:10:45,79
3297,10:10:55,78
3298,10:11:10,78
3299,10:11:20,79
3300,10:11:25,79
3301,10:11:30,80
3302,10:11:45,80
3303,10:12:00,81
3304,10:12:10,79
3305,10:12:20,78
3306,10:12:30,79
3307,10:12:40,80
3308,10:12:55,80
3309,10:13:10,80
3310,10:13:20,82
3311,10:13:30,82
3312,10:13:45,82
3313,10:13:50,81
3314,10:14:00,80
3315,10:14:15,80
3316,10:14:30,79
3317,10:14:45,79
3318,10:14:50,79
3319,10:15:00,78
3320,10:15:15,78
3321,10:15:25,80
3322,10:15:30,81
3323,10:15:40,82
3324,10:15:50,83
3325,10:16:00,82
3326,10:16:15,82
3327,10:16:20,82
3328,10:16:30,84
3329,10:16:40,83
3330,10:16:50,84
3331,10:17:00,84
3332,10:17:15,84
3333,10:17:30,84
3334,10:17:40,83
3335,10:17:50,86
3336,10:18:00,84
3337,10:18:15,84
3338,10:18:30,83
3339,10:18:45,83
3340,10:19:00,83
3341,10:19:10,81
3342,10:19:20,82
3343,10:19:35,82
3344,10:19:40,81
3345,10:19:55,82
3346,10:20:05,81
3347,10:20:15,81
3348,10:20:30,81
3349,10:20:45,80
3350,10:20:50,79
3351,10:20:55,80
3352,10:21:10,80
3353,10:21:25,80
3354,10:21:30,80
3355,10:21:35,80
3356,10:21:50,80
3357,10:21:55,80
3358,10:22:00,80
3359,10:22:10,80
3360,10:22:15,80
3361,10:22:25,80
3362,10:22:40,80
3363,10:22:50,77
3364,10:22:55,77
3365,10:23:05,78
3366,10:23:10,79
3367,10:23:15,80
3368,10:23:30,79
3369,10:23:35,77
3370,10:23:40,77
3371,10:23:45,75
3372,10:23:50,73
3373,10:23:55,73
3374,10:24:10,73
3375,10:24:25,72
3376,10:24:30,71
3377,10:24:40,71
3378,10:24:45,70
3379,10:24:55,69
3380,10:25:10,69
3381,10:25:20,69
3382,10:25:35,69
3383,10:25:40,69
3384,10:25:55,69
3385,10:26:10,70
3386,10:26:20,71
3387,10:26:25,70
3388,10:26:40,71
3389,10:26:45,71
3390,10:26:50,70
3391,10:26:55,69
3392,10:27:10,69
3393,10:27:15,69
3394,10:27:30,69
3395,10:27:45,70
3396,10:28:00,70
3397,10:28:05,70
3398,10:28:10,71
3399,10:28:20,74
3400,10:28:25,73
3401,10:28:40,72
3402,10:28:45,73
3403,10:28:55,72
3404,10:29:00,73
3405,10:29:15,73
3406,10:29:20,71
3407,10:29:25,70
3408,10:29:30,70
3409,10:29:40,69
3410,10:29:50,75
3411,10:30:05,75
3412,10:30:10,79
3413,10:30:20,83
3414,10:30:30,77
3415,10:30:40,71
3416,10:30:50,72
3417,10:31:00,74
3418,10:31:15,74
3419,10:31:20,73
3420,10:31:30,74
3421,10:31:40,76
3422,10:31:50,79
3423,10:32:00,74
3424,10:32:10,75
3425,10:32:25,75
3426,10:32:40,77
3427,10:32:50,75
3428,10:33:05,75
3429,10:33:10,74
3430,10:33:20,73
3431,10:33:30,73
3432,10:33:35,72
3433,10:33:40,71
3434,10:33:55,71
3435,10:34:00,71
3436,10:34:10,73
3437,10:34:20,74
3438,10:34:30,72
3439,10:34:40,72
3440,10:34:45,73
3441,10:34:50,72
3442,10:34:55,71
3443,10:35:00,72
3444,10:35:15,72
3445,10:35:25,71
3446,10:35:35,71
3447,10:35:45,71
3448,10:35:50,70
3449,10:35:55,70
3450,10:36:05,70
3451,10:36:10,70
3452,10:36:25,70
3453,10:36:40,70
3454,10:36:50,70
3455,10:37:05,70
3456,10:37:20,70
3457,10:37:30,73
3458,10:37:40,72
3459,10:37:55,72
3460,10:38:00,70
3461,10:38:10,69
3462,10:38:20,68
3463,10:38:35,68
3464,10:38:40,67
3465,10:38:55,68
3466,10:39:10,68
3467,10:39:20,68
3468,10:39:25,69
3469,10:39:40,69
3470,10:39:45,70
3471,10:39:50,71
3472,10:40:00,72
3473,10:40:10,74
3474,10:40:25,74
3475,10:40:35,73
3476,10:40:50,73
3477,10:40:55,74
3478,10:41:10,74
3479,10:41:15,73
3480,10:41:25,73
3481,10:41:30,73
3482,10:41:40,73
3483,10:41:55,73
3484,10:42:00,74
3485,10:42:15,74
3486,10:42:20,73
3487,10:42:30,74
3488,10:42:40,75
3489,10:42:50,75
3490,10:43:00,74
3491,10:43:15,74
3492,10:43:30,74
3493,10:43:40,73
3494,10:43:50,72
3495,10:43:55,71
3496,10:44:10,71
3497,10:44:25,71
3498,10:44:35,70
3499,10:44:45,70
3500,10:44:55,70
3501,10:45:00,69
3502,10:45:15,67
3503,10:45:20,65
3504,10:45:30,66
3505,10:45:35,67
3506,10:45:40,66
3507,10:45:45,66
3508,10:46:00,66
3509,10:46:10,66
3510,10:46:15,67
3511,10:46:30,69
3512,10:46:40,71
3513,10:46:50,73
3514,10:47:00,74
3515,10:47:15,74
3516,10:47:20,74
3517,10:47:25,73
3518,10:47:40,73
3519,10:47:50,72
3520,10:48:05,72
3521,10:48:20,72
3522,10:48:25,71
3523,10:48:30,70
3524,10:48:45,70
3525,10:49:00,70
3526,10:49:15,71
3527,10:49:25,70
3528,10:49:40,71
3529,10:49:50,73
3530,10:50:05,73
3531,10:50:10,72
3532,10:50:20,74
3533,10:50:35,74
3534,10:50:50,74
3535,10:51:05,74
3536,10:51:20,74
3537,10:51:35,74
3538,10:51:50,74
3539,10:52:05,74
3540,10:52:10,77
3541,10:52:25,77
3542,10:52:40,78
3543,10:52:50,77
3544,10:53:00,77
3545,10:53:10,78
3546,10:53:20,79
3547,10:53:30,78
3548,10:53:40,76
3549,10:53:55,76
3550,10:54:00,77
3551,10:54:10,78
3552,10:54:20,77
3553,10:54:35,77
3554,10:54:50,80
3555,10:55:05,80
3556,10:55:20,80
3557,10:55:35,80
3558,10:55:40,79
3559,10:55:55,79
3560,10:56:10,79
3561,10:56:20,78
3562,10:56:30,79
3563,10:56:45,79
3564,10:56:50,79
3565,10:56:55,79
3566,10:57:10,79
3567,10:57:25,79
3568,10:57:30,79
3569,10:57:40,78
3570,10:57:45,78
3571,10:58:00,77
3572,10:58:10,77
3573,10:58:25,76
3574,10:58:40,76
3575,10:58:45,76
3576,10:59:00,77
3577,10:59:15,77
3578,10:59:30,77
3579,10:59:45,77
3580,10:59:50,76
3581,11:00:05,76
3582,11:00:10,75
3583,11:00:15,73
3584,11:00:20,74
3585,11:00:35,74
3586,11:00:40,74
3587,11:00:55,74
3588,11:01:00,76
3589,11:01:15,76
3590,11:01:20,75
3591,11:01:35,75
3592,11:01:50,75
3593,11:02:05,75
3594,11:02:10,74
3595,11:02:25,74
3596,11:02:30,74
3597,11:02:35,74
3598,11:02:40,73
3599,11:02:45,73
3600,11:02:50,73
3601,11:02:55,74
3602,11:03:10,74
3603,11:03:20,73
3604,11:03:25,72
3605,11:03:40,72
3606,11:03:50,71
3607,11:04:05,70
3608,11:04:20,70
3609,11:04:35,70
3610,11:04:45,70
3611,11:04:50,71
3612,11:05:00,72
3613,11:05:05,73
3614,11:05:20,73
3615,11:05:25,72
3616,11:05:30,73
3617,11:05:45,73
3618,11:05:50,72
3619,11:06:05,72
3620,11:06:10,73
3621,11:06:25,72
3622,11:06:30,74
3623,11:06:40,77
3624,11:06:45,77
3625,11:07:00,77
3626,11:07:15,77
3627,11:07:20,76
3628,11:07:35,76
3629,11:07:45,77
3630,11:07:50,79
3631,11:08:00,78
3632,11:08:15,78
3633,11:08:25,79
3634,11:08:40,79
3635,11:08:50,76
3636,11:09:05,76
3637,11:09:20,74
3638,11:09:25,74
3639,11:09:40,74
3640,11:09:45,75
3641,11:10:00,75
3642,11:10:10,76
3643,11:10:15,77
3644,11:10:30,77
3645,11:10:45,77
3646,11:10:50,78
3647,11:11:05,77
3648,11:11:20,77
3649,11:11:30,78
3650,11:11:40,79
3651,11:11:45,79
3652,11:12:00,79
3653,11:12:15,79
3654,11:12:30,80
3655,11:12:45,80
3656,11:12:50,80
3657,11:13:00,79
3658,11:13:10,76
3659,11:13:20,76
3660,11:13:30,76
3661,11:13:40,75
3662,11:13:50,74
3663,11:14:05,74
3664,11:14:10,75
3665,11:14:20,77
3666,11:14:30,77
3667,11:14:40,77
3668,11:14:45,78
3669,11:14:50,80
3670,11:15:00,78
3671,11:15:05,77
3672,11:15:10,75
3673,11:15:20,74
3674,11:15:35,74
3675,11:15:50,73
3676,11:16:05,73
3677,11:16:20,73
3678,11:16:30,74
3679,11:16:45,74
3680,11:16:55,75
3681,11:17:10,75
3682,11:17:25,74
3683,11:17:30,75
3684,11:17:35,74
3685,11:17:50,74
3686,11:18:05,74
3687,11:18:20,74
3688,11:18:35,74
3689,11:18:50,74
3690,11:19:05,74
3691,11:19:10,75
3692,11:19:25,75
3693,11:19:40,74
3694,11:19:55,74
3695,11:20:00,78
3696,11:20:10,77
3697,11:20:20,76
3698,11:20:30,77
3699,11:20:40,78
3700,11:20:50,75
3701,11:21:00,74
3702,11:21:15,74
3703,11:21:25,75
3704,11:21:40,75
3705,11:21:50,75
3706,11:22:00,76
3707,11:22:15,76
3708,11:22:30,75
3709,11:22:35,74
3710,11:22:50,74
3711,11:23:05,74
3712,11:23:10,73
3713,11:23:25,73
3714,11:23:30,73
3715,11:23:40,73
3716,11:23:50,74
3717,11:24:00,76
3718,11:24:15,76
3719,11:24:30,76
3720,11:24:45,76
3721,11:25:00,76
3722,11:25:15,76
3723,11:25:30,76
3724,11:25:45,76
3725,11:25:50,77
3726,11:26:00,75
3727,11:26:15,75
3728,11:26:20,74
3729,11:26:30,73
3730,11:26:45,73
3731,11:27:00,73
3732,11:27:05,74
3733,11:27:20,74
3734,11:27:35,73
3735,11:27:50,73
3736,11:28:05,73
3737,11:28:15,73
3738,11:28:30,73
3739,11:28:45,73
3740,11:29:00,73
3741,11:29:10,72
3742,11:29:15,71
3743,11:29:30,72
3744,11:29:40,74
3745,11:29:50,75
3746,11:30:00,77
3747,11:30:10,78
3748,11:30:20,77
3749,11:30:30,76
3750,11:30:45,76
3751,11:31:00,75
3752,11:31:10,73
3753,11:31:20,72
3754,11:31:35,72
3755,11:31:45,73
3756,11:31:55,74
3757,11:32:10,74
3758,11:32:20,72
3759,11:32:25,73
3760,11:32:35,74
3761,11:32:50,74
3762,11:32:55,73
3763,11:33:10,73
3764,11:33:25,73
3765,11:33:40,73
3766,11:33:55,73
3767,11:34:00,72
3768,11:34:10,72
3769,11:34:25,71
3770,11:34:40,71
3771,11:34:50,70
3772,11:34:55,69
3773,11:35:10,68
3774,11:35:20,68
3775,11:35:25,68
3776,11:35:30,69
3777,11:35:45,69
3778,11:36:00,69
3779,11:36:15,69
3780,11:36:30,69
3781,11:36:35,68
3782,11:36:40,67
3783,11:36:55,67
3784,11:37:00,68
3785,11:37:15,68
3786,11:37:20,68
3787,11:37:35,68
3788,11:37:50,68
3789,11:38:00,68
3790,11:38:05,68
3791,11:38:20,68
3792,11:38:25,67
3793,11:38:35,66
3794,11:38:40,67
3795,11:38:55,67
3796,11:39:00,65
3797,11:39:15,65
3798,11:39:30,66
3799,11:39:45,66
3800,11:39:55,67
3801,11:40:00,68
3802,11:40:05,69
3803,11:40:20,68
3804,11:40:30,68
3805,11:40:35,69
3806,11:40:40,70
3807,11:40:50,71
3808,11:40:55,70
3809,11:41:10,70
3810,11:41:20,71
3811,11:41:30,72
3812,11:41:40,75
3813,11:41:50,78
3814,11:42:00,77
3815,11:42:15,77
3816,11:42:20,78
3817,11:42:30,77
3818,11:42:40,76
3819,11:42:50,73
3820,11:43:00,74
3821,11:43:15,74
3822,11:43:20,74
3823,11:43:30,76
3824,11:43:45,75
3825,11:44:00,76
3826,11:44:15,76
3827,11:44:30,76
3828,11:44:45,76
3829,11:45:00,76
3830,11:45:15,76
3831,11:45:30,75
3832,11:45:35,76
3833,11:45:40,76
3834,11:45:45,76
3835,13:25:00,96
3836,13:25:05,109
3837,13:25:10,107
3838,13:25:15,100
3839,13:25:30,100
3840,13:25:40,102
3841,13:25:45,101
3842,13:25:50,95
3843,13:26:05,94
3844,13:26:10,93
3845,13:26:15,92
3846,13:26:30,94
3847,13:26:35,93
3848,13:26:40,92
3849,13:26:45,90
3850,13:26:50,88
3851,13:26:55,85
3852,13:27:05,84
3853,13:27:10,83
3854,13:27:15,84
3855,13:27:20,85
3856,13:27:25,85
3857,13:27:40,85
3858,13:27:55,83
3859,13:28:05,81
3860,13:28:10,80
3861,13:28:15,81
3862,13:28:25,79
3863,13:28:35,81
3864,13:28:45,83
3865,13:29:00,84
3866,13:29:05,85
3867,13:29:10,88
3868,13:29:15,92
3869,13:29:20,94
3870,13:29:25,93
3871,13:29:30,91
3872,13:29:35,92
3873,13:29:40,94
3874,13:29:45,97
3875,13:29:50,100
3876,13:29:55,96
3877,13:30:05,97
3878,13:30:20,97
3879,13:30:25,98
3880,13:30:30,99
3881,13:30:35,100
3882,13:30:45,103
3883,13:30:50,104
3884,13:31:00,107
3885,13:31:05,108
3886,13:31:10,110
3887,13:31:15,112
3888,13:31:25,111
3889,13:31:30,109
3890,13:31:40,109
3891,13:31:45,108
3892,13:31:50,110
3893,13:31:55,112
3894,13:32:00,106
3895,13:32:05,103
3896,13:32:15,98
3897,13:32:20,96
3898,13:32:25,94
3899,13:32:30,95
3900,13:32:35,97
3901,13:32:40,98
3902,13:32:50,96
3903,13:32:55,92
3904,13:33:00,94
3905,13:33:10,91
3906,13:33:15,90
3907,13:33:20,89
3908,13:33:25,93
3909,13:33:30,95
3910,13:33:35,96
3911,13:33:40,93
3912,13:33:45,95
3913,13:33:50,96
3914,13:33:55,99
3915,13:34:00,99
3916,13:34:05,100
3917,13:34:10,101
3918,13:34:15,102
3919,13:34:20,104
3920,13:34:25,105
3921,13:34:30,104
3922,13:34:35,105
3923,13:34:40,106
3924,13:34:45,105
3925,13:34:55,105
3926,13:35:00,104
3927,13:35:15,102
3928,13:35:25,103
3929,13:35:40,103
3930,13:35:50,104
3931,13:35:55,107
3932,13:36:10,107
3933,13:36:15,105
3934,13:36:30,103
3935,13:36:45,102
3936,13:36:50,100
3937,13:36:55,95
3938,13:37:05,94
3939,13:37:15,93
3940,13:37:20,92
3941,13:37:30,93
3942,13:37:35,91
3943,13:37:50,89
3944,13:37:55,88
3945,13:38:00,89
3946,13:38:05,91
3947,13:38:20,87
3948,13:38:25,89
3949,13:38:30,90
3950,13:38:45,92
3951,13:39:00,92
3952,13:39:05,90
3953,13:39:10,92
3954,13:39:20,91
3955,13:39:25,92
3956,13:39:30,91
3957,13:39:35,90
3958,13:39:40,90
3959,13:39:55,90
3960,13:40:00,91
3961,13:40:05,90
3962,13:40:10,87
3963,13:40:20,86
3964,13:40:25,86
3965,13:40:35,84
3966,13:40:40,81
3967,13:40:45,80
3968,13:40:50,79
3969,13:40:55,78
3970,13:41:00,77
3971,13:41:10,76
3972,13:41:15,75
3973,13:41:20,75
3974,13:41:25,75
3975,13:41:30,74
3976,13:41:40,74
3977,13:41:50,73
3978,13:42:00,70
3979,13:42:15,70
3980,13:42:20,74
3981,13:42:25,74
3982,13:42:30,74
3983,13:42:40,66
3984,13:42:50,67
3985,13:43:00,64
3986,13:43:10,62
3987,13:43:20,61
3988,13:43:30,62
3989,13:43:40,63
3990,13:43:45,63
3991,13:43:50,66
3992,13:44:00,66
3993,13:44:15,66
3994,13:44:30,66
3995,13:44:40,64
3996,13:44:50,63
3997,13:45:05,63
3998,13:45:10,60
3999,13:45:20,64
4000,13:45:30,61
4001,13:45:40,62
4002,13:45:55,62
4003,13:46:00,61
4004,13:46:15,61
4005,13:46:30,62
4006,13:46:40,63
4007,13:46:50,64
4008,13:47:00,71
4009,13:47:10,64
4010,13:47:15,62
4011,13:47:20,63
4012,13:47:30,64
4013,13:47:40,64
4014,13:47:50,64
4015,13:48:05,64
4016,13:48:10,65
4017,13:48:15,66
4018,13:48:20,69
4019,13:48:25,70
4020,13:48:30,69
4021,13:48:40,74
4022,13:48:50,68
4023,13:49:00,64
4024,13:49:10,65
4025,13:49:25,65
4026,13:49:35,64
4027,13:49:50,65
4028,13:50:00,66
4029,13:50:10,71
4030,13:50:20,66
4031,13:50:25,65
4032,13:50:35,66
4033,13:50:50,66
4034,13:50:55,65
4035,13:51:00,66
4036,13:51:05,65
4037,13:51:20,62
4038,13:51:35,62
4039,13:51:50,63
4040,13:52:00,68
4041,13:52:05,67
4042,13:52:10,66
4043,13:52:20,64
4044,13:52:35,64
4045,13:52:40,65
4046,13:52:45,64
4047,13:53:00,65
4048,13:53:10,64
4049,13:53:20,63
4050,13:53:30,62
4051,13:53:35,63
4052,13:53:45,66
4053,13:54:00,66
4054,13:54:15,66
4055,13:54:30,65
4056,13:54:40,64
4057,13:54:55,63
4058,13:55:00,62
4059,13:55:15,62
4060,13:55:25,64
4061,13:55:30,65
4062,13:55:40,64
4063,13:55:50,63
4064,13:56:05,63
4065,13:56:10,62
4066,13:56:20,63
4067,13:56:25,63
4068,13:56:30,63
4069,13:56:40,62
4070,13:56:55,62
4071,13:57:10,62
4072,13:57:15,62
4073,13:57:25,61
4074,13:57:30,62
4075,13:57:45,61
4076,13:57:50,60
4077,13:57:55,61
4078,13:58:10,61
4079,13:58:15,60
4080,13:58:20,61
4081,13:58:35,61
4082,13:58:40,58
4083,13:58:50,57
4084,13:59:00,58
4085,13:59:15,58
4086,13:59:20,59
4087,13:59:25,60
4088,13:59:30,61
4089,13:59:40,61
4090,13:59:50,61
4091,14:00:00,62
4092,14:00:15,62
4093,14:00:20,60
4094,14:00:25,59
4095,14:00:30,60
4096,14:00:40,59
4097,14:00:50,64
4098,14:01:00,66
4099,14:01:10,64
4100,14:01:20,59
4101,14:01:30,57
4102,14:01:45,57
4103,14:01:50,58
4104,14:02:05,58
4105,14:02:20,59
4106,14:02:30,60
4107,14:02:35,61
4108,14:02:50,61
4109,14:03:00,60
4110,14:03:10,62
4111,14:03:15,61
4112,14:03:20,60
4113,14:03:25,59
4114,14:03:30,58
4115,14:03:40,57
4116,14:03:55,57
4117,14:04:10,58
4118,14:04:15,60
4119,14:04:20,61
4120,14:04:30,63
4121,14:04:35,61
4122,14:04:50,61
4123,14:05:00,59
4124,14:05:10,59
4125,14:05:25,59
4126,14:05:30,59
4127,14:05:45,59
4128,14:05:50,58
4129,14:06:05,58
4130,14:06:10,57
4131,14:06:20,60
4132,14:06:30,60
4133,14:06:45,61
4134,14:07:00,60
4135,14:07:10,61
4136,14:07:20,60
4137,14:07:30,61
4138,14:07:45,61
4139,14:08:00,62
4140,14:08:05,61
4141,14:08:10,61
4142,14:08:15,62
4143,14:08:30,62
4144,14:08:45,62
4145,14:08:50,71
4146,14:09:00,70
4147,14:09:05,69
4148,14:09:10,68
4149,14:09:15,67
4150,14:09:20,67
4151,14:09:30,64
4152,14:09:40,65
4153,14:09:50,60
4154,14:10:00,58
4155,14:10:15,57
4156,14:10:30,58
4157,14:10:40,57
4158,14:10:45,58
4159,14:11:00,59
4160,14:11:15,58
4161,14:11:30,57
4162,14:11:40,62
4163,14:11:50,60
4164,14:12:00,58
4165,14:12:10,57
4166,14:12:20,57
4167,14:12:30,64
4168,14:12:40,60
4169,14:12:45,60
4170,14:12:50,59
4171,14:13:05,59
4172,14:13:15,60
4173,14:13:30,60
4174,14:13:45,60
4175,14:14:00,61
4176,14:14:05,60
4177,14:14:15,59
4178,14:14:20,60
4179,14:14:25,60
4180,14:14:30,59
4181,14:14:45,59
4182,14:14:55,58
4183,14:15:05,59
4184,14:15:20,60
4185,14:15:30,59
4186,14:15:40,58
4187,14:15:45,59
4188,14:16:00,59
4189,14:16:05,60
4190,14:16:10,59
4191,14:16:25,59
4192,14:16:30,66
4193,14:16:35,67
4194,14:16:50,68
4195,14:17:05,68
4196,14:17:10,66
4197,14:17:20,66
4198,14:17:30,65
4199,14:17:45,64
4200,14:18:00,63
4201,14:18:10,62
4202,14:18:20,61
4203,14:18:35,61
4204,14:18:40,60
4205,14:18:55,60
4206,14:19:00,63
4207,14:19:05,66
4208,14:19:15,65
4209,14:19:30,65
4210,14:19:45,64
4211,14:19:50,63
4212,14:20:05,61
4213,14:20:10,61
4214,14:20:25,61
4215,14:20:40,61
4216,14:20:55,61
4217,14:21:00,60
4218,14:21:10,59
4219,14:21:20,61
4220,14:21:30,64
4221,14:21:35,63
4222,14:21:50,63
4223,14:22:05,63
4224,14:22:10,59
4225,14:22:20,58
4226,14:22:30,57
4227,14:22:40,58
4228,14:22:55,58
4229,14:23:00,57
4230,14:23:10,56
4231,14:23:25,56
4232,14:23:30,62
4233,14:23:35,62
4234,14:23:50,62
4235,14:24:05,62
4236,14:24:10,63
4237,14:24:25,62
4238,14:24:30,61
4239,14:24:45,61
4240,14:24:50,62
4241,14:25:00,63
4242,14:25:15,63
4243,14:25:20,64
4244,14:25:35,64
4245,14:25:40,65
4246,14:25:55,65
4247,14:26:05,65
4248,14:26:20,65
4249,14:26:25,64
4250,14:26:40,65
4251,14:26:45,71
4252,14:27:00,70
4253,14:27:05,70
4254,14:27:20,63
4255,14:27:25,62
4256,14:27:40,61
4257,14:27:55,61
4258,14:28:00,60
4259,14:28:10,60
4260,14:28:20,59
4261,14:28:30,60
4262,14:28:35,59
4263,14:28:40,60
4264,14:28:55,60
4265,14:29:00,59
4266,14:29:10,61
4267,14:29:20,64
4268,14:29:30,64
4269,14:29:40,67
4270,14:29:55,67
4271,14:30:00,66
4272,14:30:05,65
4273,14:30:20,64
4274,14:30:30,63
4275,14:30:35,64
4276,14:30:40,65
4277,14:30:45,64
4278,14:31:00,65
4279,14:31:15,65
4280,14:31:30,64
4281,14:31:45,62
4282,14:32:00,59
4283,14:32:10,58
4284,14:32:20,56
4285,14:32:30,56
4286,14:32:45,56
4287,14:32:50,56
4288,14:33:00,63
4289,14:33:10,59
4290,14:33:20,64
4291,14:33:30,65
4292,14:33:35,64
4293,14:33:50,63
4294,14:34:05,63
4295,14:34:15,62
4296,14:34:30,62
4297,14:34:45,62
4298,14:35:00,66
4299,14:35:10,64
4300,14:35:25,64
4301,14:35:40,60
4302,14:35:50,58
4303,14:36:00,59
4304,14:36:05,59
4305,14:36:20,58
4306,14:36:35,59
4307,14:36:50,58
4308,14:37:00,57
4309,14:37:10,56
4310,14:37:25,56
4311,14:37:30,55
4312,14:37:45,55
4313,14:38:00,56
4314,14:38:10,56
4315,14:38:25,56
4316,14:38:40,56
4317,14:38:45,57
4318,14:39:00,57
4319,14:39:15,57
4320,14:39:30,57
4321,14:39:45,57
4322,14:39:50,58
4323,14:42:30,61
4324,14:42:40,62
4325,14:42:50,61
4326,14:43:05,61
4327,14:43:15,60
4328,14:43:25,59
4329,14:43:30,58
4330,14:43:40,59
4331,14:43:55,59
4332,14:44:00,58
4333,14:44:05,58
4334,14:44:10,59
4335,14:44:25,59
4336,14:44:30,59
4337,14:44:35,59
4338,14:44:40,58
4339,14:44:45,56
4340,14:44:50,57
4341,14:45:05,57
4342,14:45:15,56
4343,14:45:30,56
4344,14:45:35,57
4345,14:45:40,63
4346,14:45:45,61
4347,14:46:00,61
4348,14:46:05,60
4349,14:46:20,60
4350,14:46:30,63
4351,14:46:45,63
4352,14:47:00,64
4353,14:47:10,66
4354,14:47:25,66
4355,14:47:40,66
4356,14:47:45,65
4357,14:48:00,65
4358,14:48:10,65
4359,14:48:15,63
4360,14:48:20,62
4361,14:48:30,61
4362,14:48:45,61
4363,14:48:55,63
4364,14:49:00,63
4365,14:49:10,64
4366,14:49:20,62
4367,14:49:25,61
4368,14:49:30,62
4369,14:49:40,62
4370,14:49:50,62
4371,14:49:55,61
4372,14:50:10,61
4373,14:50:15,60
4374,14:50:30,60
4375,14:50:40,58
4376,14:50:50,57
4377,14:50:55,57
4378,14:51:10,58
4379,14:51:25,58
4380,14:51:30,57
4381,14:51:45,57
4382,14:52:00,57
4383,14:52:10,56
4384,14:52:25,56
4385,14:52:35,57
4386,14:52:40,58
4387,14:52:50,56
4388,14:53:05,56
4389,14:53:20,56
4390,14:53:30,58
4391,14:53:35,59
4392,14:53:45,58
4393,14:53:55,57
4394,14:54:10,57
4395,14:54:25,57
4396,14:54:30,56
4397,14:54:45,56
4398,14:54:55,57
4399,14:55:10,57
4400,14:55:25,57
4401,14:55:30,56
4402,14:55:35,55
4403,14:55:50,56
4404,14:55:55,56
4405,14:56:10,56
4406,14:56:25,56
4407,14:56:35,57
4408,14:56:40,56
4409,14:56:50,58
4410,14:56:55,59
4411,14:57:00,63
4412,14:57:10,62
4413,14:57:25,62
4414,14:57:40,62
4415,14:57:50,62
4416,14:58:05,62
4417,14:58:20,62
4418,14:58:25,59
4419,14:58:30,59
4420,14:58:45,57
4421,14:58:50,56
4422,14:59:00,57
4423,14:59:05,56
4424,14:59:20,55
4425,14:59:30,55
4426,14:59:45,56
4427,14:59:50,57
4428,15:00:00,56
4429,15:00:15,56
4430,15:00:30,56
4431,15:00:35,56
4432,15:00:40,57
4433,15:00:45,58
4434,15:00:55,58
4435,15:01:10,54
4436,15:01:20,53
4437,15:01:25,55
4438,15:01:30,56
4439,15:01:45,56
4440,15:02:00,58
4441,15:02:15,57
4442,15:02:20,56
4443,15:02:25,57
4444,15:02:30,58
4445,15:02:35,59
4446,15:02:50,58
4447,15:03:00,59
4448,15:03:05,58
4449,15:03:10,56
4450,15:03:15,55
4451,15:03:30,54
4452,15:03:35,55
4453,15:03:40,54
4454,15:03:55,55
4455,15:04:00,57
4456,15:04:05,58
4457,15:04:20,58
4458,15:04:25,58
4459,15:04:30,57
4460,15:04:35,55
4461,15:04:50,56
4462,15:05:05,56
4463,15:05:10,57
4464,15:05:20,58
4465,15:05:35,58
4466,15:05:40,65
4467,15:05:55,65
4468,15:06:00,64
4469,15:06:10,60
4470,15:06:25,60
4471,15:06:40,60
4472,15:06:55,60
4473,15:07:10,60
4474,15:07:15,59
4475,15:07:30,57
4476,15:07:35,57
4477,15:07:50,56
4478,15:08:00,55
4479,15:08:10,56
4480,15:08:20,59
4481,15:08:30,63
4482,15:08:35,61
4483,15:08:50,61
4484,15:09:00,64
4485,15:09:05,64
4486,15:09:20,65
4487,15:09:25,64
4488,15:09:30,64
4489,15:09:45,65
4490,15:09:50,64
4491,15:10:00,61
4492,15:10:15,62
4493,15:10:20,63
4494,15:10:30,63
4495,15:10:35,63
4496,15:10:50,64
4497,15:11:00,63
4498,15:11:10,65
4499,15:11:20,67
4500,15:11:25,67
4501,15:11:30,66
4502,15:11:40,64
4503,15:11:50,63
4504,15:12:05,63
4505,15:12:10,62
4506,15:12:15,61
4507,15:12:20,60
4508,15:12:30,58
4509,15:12:40,59
4510,15:12:45,58
4511,15:13:00,59
4512,15:13:05,59
4513,15:13:20,58
4514,15:13:30,59
4515,15:13:40,60
4516,15:13:45,59
4517,15:14:00,59
4518,15:14:15,59
4519,15:14:20,58
4520,15:14:25,60
4521,15:14:35,61
4522,15:14:40,60
4523,15:14:55,59
4524,15:15:10,59
4525,15:15:25,59
4526,15:15:40,59
4527,15:15:50,58
4528,15:15:55,57
4529,15:16:10,57
4530,15:16:25,57
4531,15:16:30,56
4532,15:16:35,59
4533,15:16:40,59
4534,15:16:50,58
4535,15:16:55,57
4536,15:17:00,58
4537,15:17:10,59
4538,15:17:25,58
4539,15:17:30,58
4540,15:17:40,59
4541,15:17:55,58
4542,15:18:00,59
4543,15:18:05,58
4544,15:18:10,57
4545,15:18:25,57
4546,15:18:30,58
4547,15:18:40,57
4548,15:18:45,60
4549,15:18:50,59
4550,15:19:05,59
4551,15:19:10,60
4552,15:19:20,60
4553,15:19:30,62
4554,15:19:35,63
4555,15:19:50,62
4556,15:20:00,63
4557,15:20:15,63
4558,15:20:20,60
4559,15:20:30,59
4560,15:20:40,61
4561,15:20:50,60
4562,15:21:05,60
4563,15:21:10,56
4564,15:21:25,56
4565,15:21:30,59
4566,15:21:40,59
4567,15:21:55,59
4568,15:22:05,58
4569,15:22:20,59
4570,15:22:35,59
4571,15:22:40,60
4572,15:22:45,62
4573,15:23:00,62
4574,15:23:05,63
4575,15:23:10,64
4576,15:23:15,66
4577,15:23:30,65
4578,15:23:35,64
4579,15:23:45,63
4580,15:23:55,65
4581,15:24:00,63
4582,15:24:05,63
4583,15:24:10,62
4584,15:24:25,61
4585,15:24:30,60
4586,15:24:35,59
4587,15:24:45,58
4588,15:24:50,59
4589,15:24:55,58
4590,15:25:00,58
4591,15:25:15,59
4592,15:25:30,59
4593,15:25:35,59
4594,15:25:45,60
4595,15:26:00,61
4596,15:26:05,60
4597,15:26:15,59
4598,15:26:20,59
4599,15:26:25,59
4600,15:26:30,60
4601,15:26:45,60
4602,15:26:50,58
4603,15:27:05,58
4604,15:27:20,59
4605,15:27:30,57
4606,15:27:35,56
4607,15:27:50,55
4608,15:27:55,54
4609,15:28:05,55
4610,15:28:10,56
4611,15:28:20,57
4612,15:28:30,58
4613,15:28:35,59
4614,15:28:40,58
4615,15:28:45,56
4616,15:28:50,59
4617,15:28:55,59
4618,15:29:05,59
4619,15:29:10,60
4620,15:29:15,60
4621,15:29:30,63
4622,15:29:40,58
4623,15:29:50,56
4624,15:30:05,56
4625,15:30:10,57
4626,15:30:20,59
4627,15:30:30,60
4628,15:30:45,60
4629,15:31:00,61
4630,15:31:05,61
4631,15:31:10,62
4632,15:31:15,64
4633,15:31:20,67
4634,15:31:25,68
4635,15:31:30,69
4636,15:31:40,68
4637,15:31:45,64
4638,15:31:50,63
4639,15:31:55,62
4640,15:32:00,61
4641,15:32:05,60
4642,15:32:15,59
4643,15:32:20,58
4644,15:32:25,57
4645,15:32:30,57
4646,15:32:40,56
4647,15:32:45,56
4648,15:32:50,57
4649,15:33:05,57
4650,15:33:10,57
4651,15:33:15,58
4652,15:33:20,62
4653,15:33:25,63
4654,15:33:40,63
4655,15:33:50,65
4656,15:34:05,65
4657,15:34:10,64
4658,15:34:20,65
4659,15:34:30,64
4660,15:34:40,63
4661,15:34:50,62
4662,15:35:00,63
4663,15:35:05,62
4664,15:35:15,61
4665,15:35:30,61
4666,15:35:40,62
4667,15:35:45,61
4668,15:36:00,60
4669,15:36:05,60
4670,15:36:20,60
4671,15:36:25,62
4672,15:36:40,62
4673,15:36:50,63
4674,15:36:55,63
4675,15:37:05,64
4676,15:37:15,63
4677,15:37:20,63
4678,15:37:35,63
4679,15:37:45,62
4680,15:37:50,61
4681,15:38:00,59
4682,15:38:10,62
4683,15:38:20,61
4684,15:38:30,59
4685,15:38:45,59
4686,15:38:50,62
4687,15:38:55,60
4688,15:39:00,59
4689,15:39:15,59
4690,15:39:30,59
4691,15:39:45,59
4692,15:40:00,59
4693,15:40:10,58
4694,15:40:25,58
4695,15:40:40,58
4696,15:40:50,57
4697,15:41:00,56
4698,15:41:05,54
4699,15:41:15,55
4700,15:41:20,54
4701,15:41:25,55
4702,15:41:30,53
4703,15:41:45,52
4704,15:42:00,53
4705,15:42:05,54
4706,15:42:10,53
4707,15:42:20,55
4708,15:42:25,56
4709,15:42:30,57
4710,15:42:40,58
4711,15:42:50,59
4712,15:43:05,59
4713,15:43:10,61
4714,15:43:15,63
4715,15:43:30,63
4716,15:43:40,59
4717,15:43:45,58
4718,15:44:00,60
4719,15:44:05,59
4720,15:44:20,59
4721,15:44:25,58
4722,15:44:40,59
4723,15:44:55,58
4724,15:45:05,57
4725,15:45:20,57
4726,15:45:35,57
4727,15:45:40,58
4728,15:45:45,58
4729,15:45:55,59
4730,15:46:00,58
4731,15:46:15,58
4732,15:46:30,57
4733,15:46:40,59
4734,15:46:55,59
4735,15:47:10,59
4736,15:47:15,62
4737,15:47:20,65
4738,15:47:25,66
4739,15:47:30,69
4740,15:47:45,69
4741,15:47:50,68
4742,15:48:05,68
4743,15:48:15,67
4744,15:48:30,69
4745,15:48:40,67
4746,15:48:45,68
4747,15:48:50,69
4748,15:48:55,67
4749,15:49:00,64
4750,15:49:05,63
4751,15:49:10,64
4752,15:49:25,64
4753,15:49:30,64
4754,15:49:40,56
4755,15:49:45,56
4756,15:50:00,56
4757,15:50:05,57
4758,15:50:20,56
4759,15:50:25,55
4760,15:50:30,55
4761,15:50:45,55
4762,15:50:50,56
4763,15:51:00,61
4764,15:51:05,61
4765,15:51:20,61
4766,15:51:30,60
4767,15:51:35,59
4768,15:51:40,60
4769,15:51:50,61
4770,15:52:00,60
4771,15:52:10,63
4772,15:52:25,63
4773,15:52:40,63
4774,15:52:50,63
4775,15:52:55,63
4776,15:53:10,63
4777,15:53:15,64
4778,15:53:20,63
4779,15:53:30,63
4780,15:53:45,63
4781,15:54:00,63
4782,15:54:05,63
4783,15:54:10,63
4784,15:54:15,63
4785,15:54:20,63
4786,15:54:25,63
4787,15:54:40,61
4788,15:54:55,61
4789,15:55:10,61
4790,15:55:20,60
4791,15:55:35,60
4792,15:55:50,60
4793,15:56:00,60
4794,15:56:10,59
4795,15:56:20,58
4796,15:56:25,59
4797,15:56:40,58
4798,15:56:50,57
4799,15:57:00,55
4800,15:57:10,56
4801,15:57:15,55
4802,15:57:20,57
4803,15:57:25,56
4804,15:57:40,56
4805,15:57:50,57
4806,15:58:00,56
4807,15:58:10,57
4808,15:58:25,57
4809,15:58:30,57
4810,15:58:35,58
4811,15:58:40,59
4812,15:58:50,57
4813,15:59:00,53
4814,15:59:10,54
4815,15:59:15,55
4816,15:59:30,54
4817,15:59:45,54
4818,15:59:55,55
4819,16:00:10,55
4820,16:00:15,54
4821,16:00:30,54
4822,16:00:35,55
4823,16:00:40,56
4824,16:00:45,55
4825,16:00:50,56
4826,16:01:05,56
4827,16:01:15,59
4828,16:01:30,67
4829,16:01:35,66
4830,16:01:40,65
4831,16:01:50,66
4832,16:01:55,65
4833,16:02:05,64
4834,16:02:20,64
4835,16:02:25,63
4836,16:02:30,63
4837,16:02:40,62
4838,16:02:50,62
4839,16:03:00,61
4840,16:03:10,59
4841,16:03:25,59
4842,16:03:30,58
4843,16:03:35,59
4844,16:03:50,59
4845,16:04:05,59
4846,16:04:20,59
4847,16:04:25,58
4848,16:04:40,58
4849,16:04:45,57
4850,16:05:00,57
4851,16:05:10,57
4852,16:05:15,58
4853,16:05:20,59
4854,16:05:35,59
4855,16:05:50,59
4856,16:06:05,59
4857,16:06:10,59
4858,16:06:20,59
4859,16:06:35,59
4860,16:06:40,60
4861,16:06:45,61
4862,16:06:50,63
4863,16:06:55,65
4864,16:07:00,68
4865,16:07:10,67
4866,16:07:15,65
4867,16:07:30,65
4868,16:07:35,66
4869,16:07:45,65
4870,16:08:00,64
4871,16:08:05,62
4872,16:08:10,58
4873,16:08:20,55
4874,16:08:35,56
4875,16:08:45,57
4876,16:08:55,58
4877,16:09:00,57
4878,16:09:10,59
4879,16:09:15,60
4880,16:09:20,62
4881,16:09:25,61
4882,16:09:30,62
4883,16:09:35,61
4884,16:09:45,60
4885,16:09:50,58
4886,16:09:55,57
4887,16:10:05,58
4888,16:10:10,56
4889,16:10:15,56
4890,16:10:25,55
4891,16:10:40,55
4892,16:10:55,56
4893,16:11:00,57
4894,16:11:05,57
4895,16:11:10,57
4896,16:11:15,58
4897,16:11:25,59
4898,16:11:40,59
4899,16:11:50,58
4900,16:12:05,59
4901,16:12:10,60
4902,16:12:25,60
4903,16:12:30,62
4904,16:12:35,63
4905,16:12:50,63
4906,16:13:05,62
4907,16:13:10,60
4908,16:13:20,59
4909,16:13:25,58
4910,16:13:30,57
4911,16:13:45,58
4912,16:14:00,57
4913,16:14:10,59
4914,16:14:20,63
4915,16:14:35,63
4916,16:14:40,63
4917,16:14:55,62
4918,16:15:05,61
4919,16:15:15,59
4920,16:15:20,60
4921,16:15:25,59
4922,16:15:30,58
4923,16:15:35,57
4924,16:15:40,56
4925,16:15:50,57
4926,16:15:55,58
4927,16:16:00,59
4928,16:16:15,58
4929,16:16:30,58
4930,16:16:40,57
4931,16:16:55,57
4932,16:17:10,58
4933,16:17:25,58
4934,16:17:35,57
4935,16:17:40,56
4936,16:17:50,55
4937,16:17:55,56
4938,16:18:10,57
4939,16:18:25,56
4940,16:18:30,57
4941,16:18:40,58
4942,16:18:50,57
4943,16:18:55,57
4944,16:19:05,58
4945,16:19:20,58
4946,16:19:35,58
4947,16:19:40,60
4948,16:19:45,59
4949,16:20:00,58
4950,16:20:10,57
4951,16:20:25,57
4952,16:20:30,56
4953,16:20:45,57
4954,16:21:00,57
4955,16:21:15,57
4956,16:21:20,58
4957,16:21:30,59
4958,16:21:35,60
4959,16:21:45,59
4960,16:21:50,58
4961,16:22:05,58
4962,16:22:20,58
4963,16:22:25,57
4964,16:22:40,57
4965,16:22:50,56
4966,16:23:05,56
4967,16:23:20,56
4968,16:23:35,56
4969,16:23:40,57
4970,16:23:45,58
4971,16:24:00,58
4972,16:24:15,58
4973,16:24:20,60
4974,16:24:25,60
4975,16:24:40,60
4976,16:24:55,60
4977,16:25:10,60
4978,16:25:25,60
4979,16:25:40,60
4980,16:25:55,59
4981,16:26:10,58
4982,16:26:15,57
4983,16:26:20,58
4984,16:26:35,58
4985,16:26:40,58
4986,16:26:55,58
4987,16:27:05,58
4988,16:27:20,58
4989,16:27:35,58
4990,16:27:45,59
4991,16:27:50,59
4992,16:27:55,60
4993,16:28:10,60
4994,16:28:15,60
4995,16:28:20,61
4996,16:28:25,62
4997,16:28:30,62
4998,16:28:35,63
4999,16:28:50,64
5000,16:29:05,64
5001,16:29:10,63
5002,16:29:20,64
5003,16:29:25,64
5004,16:29:30,63
5005,16:29:45,63
5006,16:30:00,63
5007,16:30:15,63
5008,16:30:30,63
5009,16:30:45,63
5010,16:31:00,63
5011,16:31:15,63
5012,16:31:30,63
5013,16:31:35,62
5014,16:31:40,62
5015,16:31:55,62
5016,16:32:00,68
5017,16:32:10,68
5018,16:32:25,68
5019,16:32:30,67
5020,16:32:45,67
5021,16:32:50,62
5022,16:33:00,60
5023,16:33:15,60
5024,16:33:20,56
5025,16:33:30,62
5026,16:33:40,59
5027,16:33:50,57
5028,16:34:00,55
5029,16:34:10,54
5030,16:34:20,59
5031,16:34:30,59
5032,16:34:40,56
5033,16:34:55,55
5034,16:35:00,56
5035,16:35:10,55
5036,16:35:15,57
5037,16:35:30,57
5038,16:35:35,58
5039,16:35:50,58
5040,16:36:05,58
5041,16:36:10,60
5042,16:36:15,60
5043,16:36:30,59
5044,16:36:35,58
5045,16:36:40,57
5046,16:36:45,58
5047,16:37:00,60
5048,16:37:10,59
5049,16:37:25,59
5050,16:37:30,58
5051,16:37:40,58
5052,16:37:55,58
5053,16:38:10,60
5054,16:38:25,60
5055,16:38:30,59
5056,16:38:40,58
5057,16:38:50,57
5058,16:39:05,57
5059,16:39:10,58
5060,16:39:25,58
5061,16:39:40,58
5062,16:39:55,57
5063,16:40:00,58
5064,16:40:15,58
5065,16:40:20,55
5066,16:40:30,54
5067,16:40:40,55
5068,16:40:50,55
5069,16:41:05,55
5070,16:41:20,54
5071,16:41:25,56
5072,16:41:30,56
5073,16:41:40,55
5074,16:41:50,56
5075,16:42:05,56
5076,16:42:10,57
5077,16:42:15,56
5078,16:42:20,56
5079,16:42:35,56
5080,16:42:40,57
5081,16:42:50,57
5082,16:43:00,55
5083,16:43:10,57
5084,16:43:20,56
5085,16:43:35,56
5086,16:43:45,57
5087,16:44:00,58
5088,16:44:15,59
5089,16:44:30,60
5090,16:44:40,59
5091,16:44:55,58
5092,16:45:10,59
5093,16:45:20,58
5094,16:45:35,58
5095,16:45:40,56
5096,16:45:45,55
5097,16:46:00,54
5098,16:46:15,54
5099,16:46:30,55
5100,16:46:45,55
5101,16:46:50,56
5102,16:47:00,56
5103,16:47:10,58
5104,16:47:20,58
5105,16:47:25,58
5106,16:47:40,58
5107,16:47:50,58
5108,16:48:05,58
5109,16:48:15,59
5110,16:48:25,58
5111,16:48:40,59
5112,16:48:45,61
5113,16:48:50,62
5114,16:48:55,63
5115,16:49:00,64
5116,16:49:05,67
5117,16:49:20,66
5118,16:49:25,67
5119,16:49:30,66
5120,16:49:35,67
5121,16:49:40,68
5122,16:49:45,70
5123,16:49:55,69
5124,16:50:05,67
5125,16:50:20,67
5126,16:50:25,66
5127,16:50:30,65
5128,16:50:35,65
5129,16:50:45,64
5130,16:50:50,63
5131,16:51:00,64
5132,16:51:05,65
5133,16:51:15,69
5134,16:51:20,69
5135,16:51:35,69
5136,16:51:45,62
5137,16:51:50,56
5138,16:51:55,56
5139,16:52:10,56
5140,16:52:15,57
5141,16:52:30,57
5142,16:52:35,57
5143,16:52:40,59
5144,16:52:50,68
5145,16:52:55,62
5146,16:53:00,61
5147,16:53:15,61
5148,16:53:20,62
5149,16:53:25,65
5150,16:53:30,67
5151,16:53:40,68
5152,16:53:45,69
5153,16:53:50,68
5154,16:54:00,69
5155,16:54:10,68
5156,16:54:20,67
5157,16:54:30,65
5158,16:54:35,62
5159,16:54:50,62
5160,16:54:55,59
5161,16:55:00,57
5162,16:55:05,55
5163,16:55:10,54
5164,16:55:20,56
5165,16:55:30,55
5166,16:55:40,57
5167,16:55:50,56
5168,16:56:00,59
5169,16:56:10,57
5170,16:56:20,56
5171,16:56:30,58
5172,16:56:35,58
5173,16:56:50,60
5174,16:56:55,59
5175,16:57:00,60
5176,16:57:10,57
5177,16:57:25,57
5178,16:57:30,59
5179,16:57:40,58
5180,16:57:50,56
5181,16:57:55,56
5182,16:58:00,55
5183,16:58:10,54
5184,16:58:25,55
5185,16:58:30,54
5186,16:58:40,54
5187,16:58:50,53
5188,16:59:05,54
5189,16:59:20,54
5190,16:59:30,53
5191,16:59:40,54
5192,16:59:45,52
5193,16:59:55,53
5194,17:00:05,54
5195,17:00:10,55
5196,17:00:15,56
5197,17:00:25,57
5198,17:00:30,58
5199,17:00:40,63
5200,17:00:55,63
5201,17:01:10,62
5202,17:01:15,63
5203,17:01:20,62
5204,17:01:25,61
5205,17:01:40,61
5206,17:01:45,60
5207,17:01:50,58
5208,17:02:00,58
5209,17:02:05,57
5210,17:02:20,57
5211,17:02:25,58
5212,17:02:30,58
5213,17:02:45,58
5214,17:02:50,57
5215,17:03:05,57
5216,17:03:15,59
5217,17:03:30,58
5218,17:03:45,58
5219,17:03:50,58
5220,17:03:55,60
5221,17:04:00,64
5222,17:04:15,64
5223,17:04:20,57
5224,17:04:30,56
5225,17:04:40,57
5226,17:04:50,57
5227,17:05:00,58
5228,17:05:05,57
5229,17:05:10,57
5230,17:05:20,57
5231,17:05:35,57
5232,17:05:50,59
5233,17:06:00,58
5234,17:06:10,57
5235,17:06:20,56
5236,17:06:30,56
5237,17:06:40,57
5238,17:06:50,58
